"1"  , "1"  , "26.19", "5.24", "20.95", "card"  , "completed", "2026-04-25 19:34:27"
"2"  , "2"  , "9.12" , "1.82", "7.30" , "wallet", "completed", "2026-04-25 19:11:37"
"3"  , "3"  , "18.42", "3.68", "14.74", "wallet", "completed", "2026-04-25 19:22:14"
"4"  , "4"  , "11.47", "2.29", "9.18" , "cash"  , "completed", "2026-04-25 19:10:23"
"5"  , "5"  , "13.15", "2.63", "10.52", "card"  , "completed", "2026-04-25 19:11:44"
"6"  , "6"  , "10.58", "2.12", "8.46" , "cash"  , "pending"  , \N
"7"  , "7"  , "25.77", "5.15", "20.62", "card"  , "pending"  , \N
"8"  , "8"  , "20.44", "4.09", "16.35", "card"  , "pending"  , \N
"9"  , "10" , "18.98", "3.80", "15.18", "wallet", "completed", "2026-04-25 19:32:57"
"10" , "11" , "15.61", "3.12", "12.49", "cash"  , "completed", "2026-04-25 19:23:45"
"11" , "13" , "15.74", "3.15", "12.59", "wallet", "completed", "2026-04-25 19:23:31"
"12" , "15" , "20.97", "4.19", "16.78", "cash"  , "completed", "2026-04-25 19:40:51"
"13" , "16" , "11.59", "2.32", "9.27" , "card"  , "completed", "2026-04-25 19:21:09"
"14" , "19" , "22.38", "4.48", "17.90", "card"  , "completed", "2026-04-25 19:30:02"
"15" , "22" , "19.78", "3.96", "15.82", "cash"  , "completed", "2026-04-25 19:29:50"
"16" , "23" , "4.73" , "0.95", "3.78" , "cash"  , "completed", "2026-04-25 19:07:51"
"17" , "24" , "19.88", "3.98", "15.90", "wallet", "pending"  , \N
"18" , "25" , "27.61", "5.52", "22.09", "card"  , "completed", "2026-04-25 19:38:59"
"19" , "27" , "9.93" , "1.99", "7.94" , "wallet", "completed", "2026-04-25 19:17:17"
"20" , "28" , "33.95", "6.79", "27.16", "wallet", "completed", "2026-04-25 19:49:00"
"21" , "29" , "11.38", "2.28", "9.10" , "card"  , "completed", "2026-04-25 19:20:41"
"22" , "30" , "15.08", "3.02", "12.06", "card"  , "pending"  , \N
"23" , "31" , "28.31", "5.66", "22.65", "wallet", "completed", "2026-04-25 19:35:58"
"24" , "32" , "23.51", "4.70", "18.81", "wallet", "completed", "2026-04-25 19:30:16"
"25" , "33" , "9.89" , "1.98", "7.91" , "card"  , "completed", "2026-04-25 19:17:54"
"26" , "34" , "16.25", "3.25", "13.00", "wallet", "completed", "2026-04-25 19:24:13"
"27" , "35" , "7.70" , "1.54", "6.16" , "wallet", "completed", "2026-04-25 19:12:45"
"28" , "36" , "9.19" , "1.84", "7.35" , "cash"  , "completed", "2026-04-25 19:17:10"
"29" , "37" , "17.95", "3.59", "14.36", "card"  , "completed", "2026-04-25 19:25:32"
"30" , "38" , "15.66", "3.13", "12.53", "wallet", "completed", "2026-04-25 19:27:12"
"31" , "39" , "20.21", "4.04", "16.17", "card"  , "completed", "2026-04-25 19:24:06"
"32" , "40" , "20.75", "4.15", "16.60", "cash"  , "pending"  , \N
"33" , "41" , "14.34", "2.87", "11.47", "wallet", "pending"  , \N
"34" , "42" , "24.68", "4.94", "19.74", "card"  , "pending"  , \N
"35" , "43" , "16.07", "3.21", "12.86", "cash"  , "pending"  , \N
"36" , "44" , "21.21", "4.24", "16.97", "cash"  , "completed", "2026-04-25 19:28:44"
"37" , "45" , "14.11", "2.82", "11.29", "card"  , "completed", "2026-04-25 19:14:51"
"38" , "46" , "7.83" , "1.57", "6.26" , "wallet", "pending"  , \N
"39" , "47" , "10.41", "2.08", "8.33" , "wallet", "completed", "2026-04-25 19:14:21"
"40" , "49" , "15.49", "3.10", "12.39", "card"  , "pending"  , \N
"41" , "50" , "7.19" , "1.44", "5.75" , "card"  , "completed", "2026-04-25 19:11:07"
"42" , "51" , "10.63", "2.13", "8.50" , "wallet", "completed", "2026-04-25 19:20:04"
"43" , "52" , "29.29", "5.86", "23.43", "cash"  , "completed", "2026-04-25 19:38:48"
"44" , "53" , "26.58", "5.32", "21.26", "card"  , "pending"  , \N
"45" , "54" , "12.11", "2.42", "9.69" , "card"  , "completed", "2026-04-25 19:26:39"
"46" , "55" , "28.89", "5.78", "23.11", "card"  , "completed", "2026-04-25 19:38:32"
"47" , "56" , "28.84", "5.77", "23.07", "card"  , "completed", "2026-04-25 19:38:24"
"48" , "57" , "17.45", "3.49", "13.96", "card"  , "pending"  , \N
"49" , "58" , "24.28", "4.86", "19.42", "card"  , "completed", "2026-04-25 19:27:32"
"50" , "60" , "22.41", "4.48", "17.93", "card"  , "completed", "2026-04-25 19:35:04"
"51" , "61" , "8.57" , "1.71", "6.86" , "wallet", "completed", "2026-04-25 19:19:05"
"52" , "62" , "15.14", "3.03", "12.11", "cash"  , "completed", "2026-04-25 19:12:54"
"53" , "63" , "24.89", "4.98", "19.91", "cash"  , "completed", "2026-04-25 19:38:00"
"54" , "64" , "24.23", "4.85", "19.38", "wallet", "completed", "2026-04-25 19:29:04"
"55" , "65" , "15.69", "3.14", "12.55", "wallet", "completed", "2026-04-25 19:25:37"
"56" , "67" , "25.82", "5.16", "20.66", "card"  , "pending"  , \N
"57" , "68" , "22.08", "4.42", "17.66", "card"  , "pending"  , \N
"58" , "69" , "5.81" , "1.16", "4.65" , "wallet", "pending"  , \N
"59" , "70" , "9.64" , "1.93", "7.71" , "wallet", "completed", "2026-04-25 19:11:39"
"60" , "71" , "20.66", "4.13", "16.53", "card"  , "completed", "2026-04-25 19:32:31"
"61" , "73" , "6.35" , "1.27", "5.08" , "cash"  , "pending"  , \N
"62" , "74" , "13.60", "2.72", "10.88", "wallet", "completed", "2026-04-25 19:16:41"
"63" , "75" , "8.52" , "1.70", "6.82" , "wallet", "completed", "2026-04-25 19:18:09"
"64" , "76" , "22.33", "4.47", "17.86", "card"  , "completed", "2026-04-25 19:27:27"
"65" , "78" , "8.93" , "1.79", "7.14" , "card"  , "pending"  , \N
"66" , "79" , "20.60", "4.12", "16.48", "wallet", "completed", "2026-04-25 19:25:47"
"67" , "80" , "20.48", "4.10", "16.38", "card"  , "pending"  , \N
"68" , "81" , "15.32", "3.06", "12.26", "card"  , "completed", "2026-04-25 19:18:15"
"69" , "82" , "16.14", "3.23", "12.91", "cash"  , "completed", "2026-04-25 19:20:05"
"70" , "83" , "5.37" , "1.07", "4.30" , "cash"  , "completed", "2026-04-25 19:08:06"
"71" , "84" , "16.01", "3.20", "12.81", "card"  , "pending"  , \N
"72" , "85" , "15.16", "3.03", "12.13", "wallet", "pending"  , \N
"73" , "86" , "17.11", "3.42", "13.69", "cash"  , "completed", "2026-04-25 19:21:31"
"74" , "87" , "16.93", "3.39", "13.54", "wallet", "completed", "2026-04-25 19:24:30"
"75" , "88" , "20.79", "4.16", "16.63", "wallet", "completed", "2026-04-25 19:25:53"
"76" , "89" , "8.91" , "1.78", "7.13" , "cash"  , "pending"  , \N
"77" , "90" , "20.04", "4.01", "16.03", "card"  , "completed", "2026-04-25 19:26:44"
"78" , "91" , "5.16" , "1.03", "4.13" , "card"  , "completed", "2026-04-25 19:09:15"
"79" , "92" , "22.03", "4.41", "17.62", "cash"  , "completed", "2026-04-25 19:23:41"
"80" , "93" , "21.48", "4.30", "17.18", "cash"  , "completed", "2026-04-25 19:29:11"
"81" , "94" , "16.76", "3.35", "13.41", "wallet", "pending"  , \N
"82" , "95" , "12.04", "2.41", "9.63" , "cash"  , "completed", "2026-04-25 19:13:46"
"83" , "96" , "21.84", "4.37", "17.47", "wallet", "pending"  , \N
"84" , "97" , "9.20" , "1.84", "7.36" , "wallet", "completed", "2026-04-25 19:16:38"
"85" , "100", "13.01", "2.60", "10.41", "cash"  , "completed", "2026-04-25 19:16:00"
"86" , "101", "20.20", "4.04", "16.16", "card"  , "completed", "2026-04-25 19:22:40"
"87" , "102", "12.95", "2.59", "10.36", "card"  , "completed", "2026-04-25 19:23:01"
"88" , "103", "19.35", "3.87", "15.48", "cash"  , "pending"  , \N
"89" , "105", "4.49" , "0.90", "3.59" , "card"  , "completed", "2026-04-25 19:06:51"
"90" , "106", "16.76", "3.35", "13.41", "wallet", "completed", "2026-04-25 19:21:23"
"91" , "107", "19.23", "3.85", "15.38", "cash"  , "completed", "2026-04-25 19:27:19"
"92" , "108", "7.41" , "1.48", "5.93" , "cash"  , "completed", "2026-04-25 19:00:30"
"93" , "109", "21.38", "4.28", "17.10", "cash"  , "completed", "2026-04-25 19:38:52"
"94" , "110", "18.63", "3.73", "14.90", "wallet", "pending"  , \N
"95" , "111", "15.76", "3.15", "12.61", "wallet", "completed", "2026-04-25 19:19:09"
"96" , "112", "17.08", "3.42", "13.66", "cash"  , "completed", "2026-04-25 19:25:34"
"97" , "113", "19.08", "3.82", "15.26", "wallet", "completed", "2026-04-25 19:27:21"
"98" , "114", "17.13", "3.43", "13.70", "wallet", "completed", "2026-04-25 19:28:39"
"99" , "115", "15.36", "3.07", "12.29", "card"  , "pending"  , \N
"100", "116", "12.91", "2.58", "10.33", "card"  , "pending"  , \N
"101", "117", "24.85", "4.97", "19.88", "cash"  , "completed", "2026-04-25 19:35:56"
"102", "118", "14.75", "2.95", "11.80", "card"  , "completed", "2026-04-25 19:25:31"
"103", "119", "16.90", "3.38", "13.52", "card"  , "pending"  , \N
"104", "120", "16.14", "3.23", "12.91", "wallet", "completed", "2026-04-25 19:14:03"
"105", "121", "13.25", "2.65", "10.60", "card"  , "completed", "2026-04-25 19:24:13"
"106", "122", "20.77", "4.15", "16.62", "card"  , "completed", "2026-04-25 19:35:21"
"107", "123", "20.32", "4.06", "16.26", "card"  , "completed", "2026-04-25 19:24:09"
"108", "124", "21.99", "4.40", "17.59", "cash"  , "completed", "2026-04-25 19:39:47"
"109", "125", "14.57", "2.91", "11.66", "wallet", "completed", "2026-04-25 19:31:11"
"110", "126", "13.57", "2.71", "10.86", "card"  , "pending"  , \N
"111", "128", "29.44", "5.89", "23.55", "card"  , "pending"  , \N
"112", "129", "8.72" , "1.74", "6.98" , "card"  , "pending"  , \N
"113", "131", "19.27", "3.85", "15.42", "cash"  , "completed", "2026-04-25 19:20:39"
"114", "134", "14.99", "3.00", "11.99", "card"  , "pending"  , \N
"115", "135", "15.95", "3.19", "12.76", "wallet", "pending"  , \N
"116", "137", "23.64", "4.73", "18.91", "cash"  , "pending"  , \N
"117", "138", "4.90" , "0.98", "3.92" , "wallet", "completed", "2026-04-25 19:12:32"
"118", "139", "11.01", "2.20", "8.81" , "wallet", "completed", "2026-04-25 19:16:35"
"119", "140", "13.38", "2.68", "10.70", "cash"  , "completed", "2026-04-25 19:13:20"
"120", "143", "9.44" , "1.89", "7.55" , "card"  , "completed", "2026-04-25 19:20:03"
"121", "144", "13.20", "2.64", "10.56", "wallet", "completed", "2026-04-25 19:17:55"
"122", "146", "26.55", "5.31", "21.24", "wallet", "completed", "2026-04-25 19:36:54"
"123", "147", "10.21", "2.04", "8.17" , "card"  , "completed", "2026-04-25 19:05:18"
"124", "148", "5.57" , "1.11", "4.46" , "card"  , "completed", "2026-04-25 19:13:15"
"125", "149", "15.66", "3.13", "12.53", "card"  , "pending"  , \N
"126", "150", "22.90", "4.58", "18.32", "wallet", "pending"  , \N
"127", "151", "20.00", "4.00", "16.00", "wallet", "completed", "2026-04-25 19:30:44"
"128", "152", "18.11", "3.62", "14.49", "wallet", "completed", "2026-04-25 19:31:58"
"129", "153", "11.81", "2.36", "9.45" , "wallet", "pending"  , \N
"130", "154", "10.39", "2.08", "8.31" , "card"  , "pending"  , \N
"131", "156", "12.06", "2.41", "9.65" , "wallet", "pending"  , \N
"132", "157", "11.55", "2.31", "9.24" , "card"  , "completed", "2026-04-25 19:19:04"
"133", "158", "24.35", "4.87", "19.48", "card"  , "pending"  , \N
"134", "159", "4.44" , "0.89", "3.55" , "card"  , "completed", "2026-04-25 19:01:42"
"135", "160", "4.24" , "0.85", "3.39" , "card"  , "completed", "2026-04-25 19:08:15"
"136", "161", "25.34", "5.07", "20.27", "card"  , "completed", "2026-04-25 19:29:24"
"137", "163", "9.36" , "1.87", "7.49" , "cash"  , "completed", "2026-04-25 19:11:13"
"138", "165", "22.13", "4.43", "17.70", "card"  , "completed", "2026-04-25 19:32:55"
"139", "166", "9.25" , "1.85", "7.40" , "card"  , "completed", "2026-04-25 19:12:06"
"140", "167", "16.10", "3.22", "12.88", "card"  , "completed", "2026-04-25 19:25:50"
"141", "168", "4.95" , "0.99", "3.96" , "wallet", "completed", "2026-04-25 19:10:03"
"142", "170", "9.45" , "1.89", "7.56" , "wallet", "completed", "2026-04-25 19:17:58"
"143", "172", "25.05", "5.01", "20.04", "card"  , "pending"  , \N
"144", "173", "12.39", "2.48", "9.91" , "cash"  , "pending"  , \N
"145", "174", "5.72" , "1.14", "4.58" , "cash"  , "pending"  , \N
"146", "175", "16.57", "3.31", "13.26", "card"  , "completed", "2026-04-25 19:21:33"
"147", "176", "28.01", "5.60", "22.41", "card"  , "completed", "2026-04-25 19:39:58"
"148", "177", "20.15", "4.03", "16.12", "cash"  , "pending"  , \N
"149", "178", "6.12" , "1.22", "4.90" , "cash"  , "completed", "2026-04-25 19:10:15"
"150", "179", "12.76", "2.55", "10.21", "card"  , "pending"  , \N
"151", "180", "16.28", "3.26", "13.02", "card"  , "completed", "2026-04-25 19:19:21"
"152", "181", "12.72", "2.54", "10.18", "wallet", "pending"  , \N
"153", "183", "12.06", "2.41", "9.65" , "card"  , "pending"  , \N
"154", "184", "13.73", "2.75", "10.98", "card"  , "pending"  , \N
"155", "185", "26.02", "5.20", "20.82", "card"  , "pending"  , \N
"156", "186", "13.88", "2.78", "11.10", "card"  , "pending"  , \N
"157", "187", "12.80", "2.56", "10.24", "card"  , "pending"  , \N
"158", "188", "7.49" , "1.50", "5.99" , "cash"  , "completed", "2026-04-25 19:16:23"
"159", "189", "17.49", "3.50", "13.99", "cash"  , "completed", "2026-04-25 19:29:06"
"160", "190", "13.23", "2.65", "10.58", "cash"  , "pending"  , \N
"161", "192", "6.05" , "1.21", "4.84" , "cash"  , "completed", "2026-04-25 19:07:01"
"162", "193", "16.03", "3.21", "12.82", "cash"  , "pending"  , \N
"163", "194", "10.11", "2.02", "8.09" , "wallet", "completed", "2026-04-25 19:08:53"
"164", "195", "22.08", "4.42", "17.66", "cash"  , "completed", "2026-04-25 19:35:41"
"165", "197", "17.33", "3.47", "13.86", "wallet", "completed", "2026-04-25 19:23:22"
"166", "198", "15.82", "3.16", "12.66", "card"  , "pending"  , \N
"167", "199", "23.79", "4.76", "19.03", "cash"  , "completed", "2026-04-25 19:32:02"
"168", "200", "17.22", "3.44", "13.78", "wallet", "pending"  , \N
"169", "201", "17.56", "3.51", "14.05", "cash"  , "completed", "2026-04-25 19:28:26"
"170", "202", "9.61" , "1.92", "7.69" , "cash"  , "completed", "2026-04-25 19:15:41"
"171", "203", "14.34", "2.87", "11.47", "wallet", "completed", "2026-04-25 19:18:09"
"172", "204", "16.31", "3.26", "13.05", "card"  , "completed", "2026-04-25 19:18:00"
"173", "205", "4.57" , "0.91", "3.66" , "wallet", "pending"  , \N
"174", "206", "18.17", "3.63", "14.54", "cash"  , "completed", "2026-04-25 19:20:44"
"175", "207", "12.26", "2.45", "9.81" , "wallet", "pending"  , \N
"176", "208", "22.20", "4.44", "17.76", "wallet", "completed", "2026-04-25 19:24:43"
"177", "211", "6.97" , "1.39", "5.58" , "cash"  , "pending"  , \N
"178", "212", "17.96", "3.59", "14.37", "wallet", "pending"  , \N
"179", "213", "3.53" , "0.71", "2.82" , "card"  , "pending"  , \N
"180", "214", "11.48", "2.30", "9.18" , "cash"  , "completed", "2026-04-25 19:14:27"
"181", "215", "8.63" , "1.73", "6.90" , "card"  , "completed", "2026-04-25 19:15:21"
"182", "216", "20.37", "4.07", "16.30", "card"  , "completed", "2026-04-25 19:25:47"
"183", "218", "2.73" , "0.55", "2.18" , "wallet", "completed", "2026-04-25 19:04:56"
"184", "220", "14.02", "2.80", "11.22", "card"  , "completed", "2026-04-25 19:18:00"
"185", "221", "10.99", "2.20", "8.79" , "card"  , "completed", "2026-04-25 19:22:59"
"186", "223", "22.14", "4.43", "17.71", "cash"  , "completed", "2026-04-25 19:26:47"
"187", "224", "18.60", "3.72", "14.88", "cash"  , "completed", "2026-04-25 19:31:21"
"188", "226", "7.57" , "1.51", "6.06" , "card"  , "pending"  , \N
"189", "227", "11.38", "2.28", "9.10" , "card"  , "completed", "2026-04-25 19:15:32"
"190", "228", "13.85", "2.77", "11.08", "card"  , "completed", "2026-04-25 19:14:12"
"191", "229", "7.82" , "1.56", "6.26" , "card"  , "completed", "2026-04-25 19:12:59"
"192", "230", "9.73" , "1.95", "7.78" , "card"  , "completed", "2026-04-25 19:13:34"
"193", "231", "6.14" , "1.23", "4.91" , "card"  , "pending"  , \N
"194", "232", "16.12", "3.22", "12.90", "cash"  , "pending"  , \N
"195", "233", "18.99", "3.80", "15.19", "card"  , "completed", "2026-04-25 19:34:03"
"196", "236", "20.40", "4.08", "16.32", "card"  , "completed", "2026-04-25 19:32:45"
"197", "237", "26.69", "5.34", "21.35", "cash"  , "completed", "2026-04-25 19:29:19"
"198", "238", "11.46", "2.29", "9.17" , "wallet", "pending"  , \N
"199", "239", "16.51", "3.30", "13.21", "wallet", "pending"  , \N
"200", "240", "14.37", "2.87", "11.50", "cash"  , "pending"  , \N
"201", "241", "19.54", "3.91", "15.63", "wallet", "completed", "2026-04-25 19:30:57"
"202", "242", "14.99", "3.00", "11.99", "wallet", "completed", "2026-04-25 19:20:55"
"203", "243", "14.14", "2.83", "11.31", "card"  , "completed", "2026-04-25 19:23:14"
"204", "244", "22.72", "4.54", "18.18", "card"  , "completed", "2026-04-25 19:33:49"
"205", "246", "5.81" , "1.16", "4.65" , "cash"  , "completed", "2026-04-25 19:08:37"
"206", "247", "4.79" , "0.96", "3.83" , "card"  , "completed", "2026-04-25 19:06:47"
"207", "248", "14.20", "2.84", "11.36", "card"  , "pending"  , \N
"208", "249", "9.14" , "1.83", "7.31" , "wallet", "completed", "2026-04-25 19:10:30"
"209", "250", "11.24", "2.25", "8.99" , "card"  , "completed", "2026-04-25 19:25:16"
"210", "252", "5.90" , "1.18", "4.72" , "card"  , "completed", "2026-04-25 19:16:52"
"211", "253", "25.06", "5.01", "20.05", "card"  , "completed", "2026-04-25 19:33:33"
"212", "254", "9.33" , "1.87", "7.46" , "cash"  , "completed", "2026-04-25 19:05:43"
"213", "256", "18.36", "3.67", "14.69", "card"  , "completed", "2026-04-25 19:24:01"
"214", "258", "12.39", "2.48", "9.91" , "card"  , "pending"  , \N
"215", "260", "18.18", "3.64", "14.54", "cash"  , "completed", "2026-04-25 19:20:09"
"216", "262", "19.57", "3.91", "15.66", "wallet", "completed", "2026-04-25 19:26:52"
"217", "263", "20.62", "4.12", "16.50", "card"  , "completed", "2026-04-25 19:37:48"
"218", "264", "7.39" , "1.48", "5.91" , "cash"  , "completed", "2026-04-25 19:09:28"
"219", "266", "14.37", "2.87", "11.50", "cash"  , "completed", "2026-04-25 19:19:54"
"220", "267", "20.97", "4.19", "16.78", "card"  , "completed", "2026-04-25 19:29:06"
"221", "270", "12.74", "2.55", "10.19", "wallet", "pending"  , \N
"222", "271", "8.11" , "1.62", "6.49" , "wallet", "pending"  , \N
"223", "274", "9.16" , "1.83", "7.33" , "cash"  , "completed", "2026-04-25 19:12:47"
"224", "275", "21.16", "4.23", "16.93", "card"  , "pending"  , \N
"225", "276", "11.19", "2.24", "8.95" , "cash"  , "completed", "2026-04-25 19:07:16"
"226", "278", "12.44", "2.49", "9.95" , "wallet", "completed", "2026-04-25 19:27:35"
"227", "279", "7.06" , "1.41", "5.65" , "card"  , "completed", "2026-04-25 19:15:08"
"228", "281", "15.91", "3.18", "12.73", "card"  , "pending"  , \N
"229", "282", "20.25", "4.05", "16.20", "cash"  , "pending"  , \N
"230", "283", "19.58", "3.92", "15.66", "card"  , "completed", "2026-04-25 19:27:30"
"231", "285", "15.61", "3.12", "12.49", "wallet", "pending"  , \N
"232", "287", "20.58", "4.12", "16.46", "card"  , "completed", "2026-04-25 19:35:14"
"233", "288", "7.57" , "1.51", "6.06" , "card"  , "completed", "2026-04-25 19:17:08"
"234", "290", "16.72", "3.34", "13.38", "wallet", "pending"  , \N
"235", "291", "11.66", "2.33", "9.33" , "card"  , "completed", "2026-04-25 19:15:44"
"236", "293", "13.49", "2.70", "10.79", "cash"  , "completed", "2026-04-25 19:21:12"
"237", "294", "13.25", "2.65", "10.60", "card"  , "completed", "2026-04-25 19:16:04"
"238", "295", "10.82", "2.16", "8.66" , "cash"  , "completed", "2026-04-25 19:13:49"
"239", "296", "6.36" , "1.27", "5.09" , "card"  , "pending"  , \N
"240", "297", "20.95", "4.19", "16.76", "wallet", "pending"  , \N
"241", "298", "11.02", "2.20", "8.82" , "cash"  , "completed", "2026-04-25 19:16:11"
"242", "299", "14.40", "2.88", "11.52", "cash"  , "completed", "2026-04-25 19:22:12"
"243", "300", "17.82", "3.56", "14.26", "wallet", "pending"  , \N
"244", "301", "17.57", "3.51", "14.06", "card"  , "completed", "2026-04-25 19:31:42"
"245", "302", "4.62" , "0.92", "3.70" , "card"  , "completed", "2026-04-25 19:11:35"
"246", "303", "9.15" , "1.83", "7.32" , "wallet", "completed", "2026-04-25 19:09:44"
"247", "304", "20.16", "4.03", "16.13", "card"  , "pending"  , \N
"248", "306", "9.25" , "1.85", "7.40" , "card"  , "pending"  , \N
"249", "308", "22.18", "4.44", "17.74", "cash"  , "completed", "2026-04-25 19:27:15"
"250", "309", "12.45", "2.49", "9.96" , "cash"  , "completed", "2026-04-25 19:23:25"
"251", "310", "25.19", "5.04", "20.15", "wallet", "completed", "2026-04-25 19:26:01"
"252", "312", "6.99" , "1.40", "5.59" , "wallet", "completed", "2026-04-25 19:12:25"
"253", "313", "18.66", "3.73", "14.93", "card"  , "pending"  , \N
"254", "315", "3.87" , "0.77", "3.10" , "card"  , "completed", "2026-04-25 19:00:07"
"255", "316", "16.93", "3.39", "13.54", "card"  , "completed", "2026-04-25 19:31:16"
"256", "318", "15.75", "3.15", "12.60", "card"  , "pending"  , \N
"257", "319", "19.13", "3.83", "15.30", "card"  , "completed", "2026-04-25 19:33:56"
"258", "320", "9.13" , "1.83", "7.30" , "cash"  , "completed", "2026-04-25 19:06:38"
"259", "322", "10.59", "2.12", "8.47" , "card"  , "completed", "2026-04-25 19:18:30"
"260", "323", "11.49", "2.30", "9.19" , "card"  , "completed", "2026-04-25 19:11:13"
"261", "324", "14.69", "2.94", "11.75", "card"  , "completed", "2026-04-25 19:24:43"
"262", "325", "22.25", "4.45", "17.80", "card"  , "completed", "2026-04-25 19:22:10"
"263", "326", "25.43", "5.09", "20.34", "wallet", "completed", "2026-04-25 19:37:40"
"264", "327", "11.75", "2.35", "9.40" , "wallet", "completed", "2026-04-25 19:16:09"
"265", "331", "28.65", "5.73", "22.92", "cash"  , "pending"  , \N
"266", "332", "15.67", "3.13", "12.54", "cash"  , "pending"  , \N
"267", "333", "21.45", "4.29", "17.16", "cash"  , "pending"  , \N
"268", "336", "11.41", "2.28", "9.13" , "wallet", "pending"  , \N
"269", "337", "14.75", "2.95", "11.80", "wallet", "completed", "2026-04-25 19:26:04"
"270", "338", "11.71", "2.34", "9.37" , "cash"  , "completed", "2026-04-25 19:17:15"
"271", "339", "16.43", "3.29", "13.14", "cash"  , "completed", "2026-04-25 19:30:48"
"272", "340", "12.37", "2.47", "9.90" , "wallet", "completed", "2026-04-25 19:23:23"
"273", "343", "17.38", "3.48", "13.90", "wallet", "completed", "2026-04-25 19:30:57"
"274", "344", "6.48" , "1.30", "5.18" , "cash"  , "completed", "2026-04-25 19:07:01"
"275", "345", "23.36", "4.67", "18.69", "card"  , "completed", "2026-04-25 19:33:50"
"276", "346", "20.43", "4.09", "16.34", "cash"  , "completed", "2026-04-25 19:34:14"
"277", "347", "16.38", "3.28", "13.10", "wallet", "pending"  , \N
"278", "348", "16.59", "3.32", "13.27", "card"  , "completed", "2026-04-25 19:27:32"
"279", "349", "23.82", "4.76", "19.06", "wallet", "completed", "2026-04-25 19:34:21"
"280", "350", "12.68", "2.54", "10.14", "wallet", "completed", "2026-04-25 19:23:29"
"281", "351", "16.63", "3.33", "13.30", "card"  , "pending"  , \N
"282", "352", "8.41" , "1.68", "6.73" , "card"  , "completed", "2026-04-25 19:05:55"
"283", "353", "6.20" , "1.24", "4.96" , "card"  , "completed", "2026-04-25 19:09:08"
"284", "354", "16.10", "3.22", "12.88", "cash"  , "completed", "2026-04-25 19:21:01"
"285", "355", "17.44", "3.49", "13.95", "card"  , "pending"  , \N
"286", "356", "14.57", "2.91", "11.66", "wallet", "completed", "2026-04-25 19:16:39"
"287", "357", "5.56" , "1.11", "4.45" , "wallet", "pending"  , \N
"288", "360", "20.59", "4.12", "16.47", "card"  , "pending"  , \N
"289", "361", "10.42", "2.08", "8.34" , "card"  , "completed", "2026-04-25 19:11:26"
"290", "364", "23.73", "4.75", "18.98", "card"  , "completed", "2026-04-25 19:35:11"
"291", "366", "10.05", "2.01", "8.04" , "card"  , "pending"  , \N
"292", "368", "12.46", "2.49", "9.97" , "card"  , "pending"  , \N
"293", "369", "23.24", "4.65", "18.59", "wallet", "completed", "2026-04-25 19:31:27"
"294", "371", "4.00" , "0.80", "3.20" , "card"  , "pending"  , \N
"295", "372", "19.66", "3.93", "15.73", "card"  , "completed", "2026-04-25 19:22:09"
"296", "373", "9.35" , "1.87", "7.48" , "card"  , "completed", "2026-04-25 19:14:25"
"297", "374", "25.38", "5.08", "20.30", "wallet", "completed", "2026-04-25 19:35:20"
"298", "375", "19.72", "3.94", "15.78", "card"  , "pending"  , \N
"299", "376", "16.18", "3.24", "12.94", "card"  , "pending"  , \N
"300", "377", "17.79", "3.56", "14.23", "cash"  , "completed", "2026-04-25 19:25:06"
"301", "378", "20.39", "4.08", "16.31", "cash"  , "completed", "2026-04-25 19:30:35"
"302", "379", "7.37" , "1.47", "5.90" , "card"  , "pending"  , \N
"303", "380", "24.06", "4.81", "19.25", "card"  , "completed", "2026-04-25 19:26:43"
"304", "381", "7.00" , "1.40", "5.60" , "wallet", "completed", "2026-04-25 19:08:58"
"305", "383", "12.85", "2.57", "10.28", "wallet", "completed", "2026-04-25 19:21:36"
"306", "384", "30.75", "6.15", "24.60", "wallet", "completed", "2026-04-25 19:36:28"
"307", "385", "22.93", "4.59", "18.34", "card"  , "completed", "2026-04-25 19:32:03"
"308", "386", "13.11", "2.62", "10.49", "wallet", "completed", "2026-04-25 19:19:15"
"309", "387", "6.72" , "1.34", "5.38" , "card"  , "completed", "2026-04-25 19:06:50"
"310", "388", "10.67", "2.13", "8.54" , "cash"  , "pending"  , \N
"311", "389", "11.50", "2.30", "9.20" , "card"  , "completed", "2026-04-25 19:15:36"
"312", "391", "14.62", "2.92", "11.70", "wallet", "completed", "2026-04-25 19:18:36"
"313", "392", "10.97", "2.19", "8.78" , "cash"  , "pending"  , \N
"314", "394", "17.14", "3.43", "13.71", "card"  , "pending"  , \N
"315", "395", "10.97", "2.19", "8.78" , "wallet", "completed", "2026-04-25 19:14:46"
"316", "397", "9.84" , "1.97", "7.87" , "card"  , "pending"  , \N
"317", "398", "7.77" , "1.55", "6.22" , "card"  , "pending"  , \N
"318", "399", "20.82", "4.16", "16.66", "card"  , "completed", "2026-04-25 19:27:46"
"319", "400", "14.32", "2.86", "11.46", "wallet", "completed", "2026-04-25 19:21:34"
"320", "401", "11.18", "2.24", "8.94" , "cash"  , "completed", "2026-04-25 19:18:43"
"321", "403", "16.81", "3.36", "13.45", "card"  , "completed", "2026-04-25 19:27:48"
"322", "405", "18.66", "3.73", "14.93", "card"  , "completed", "2026-04-25 19:25:26"
"323", "406", "8.49" , "1.70", "6.79" , "card"  , "completed", "2026-04-25 19:11:55"
"324", "407", "19.28", "3.86", "15.42", "cash"  , "pending"  , \N
"325", "408", "23.94", "4.79", "19.15", "wallet", "completed", "2026-04-25 19:35:04"
"326", "409", "16.99", "3.40", "13.59", "cash"  , "completed", "2026-04-25 19:26:59"
"327", "410", "17.70", "3.54", "14.16", "card"  , "pending"  , \N
"328", "411", "24.99", "5.00", "19.99", "cash"  , "completed", "2026-04-25 19:34:35"
"329", "412", "6.08" , "1.22", "4.86" , "card"  , "pending"  , \N
"330", "413", "23.76", "4.75", "19.01", "card"  , "completed", "2026-04-25 19:39:21"
"331", "414", "6.09" , "1.22", "4.87" , "card"  , "pending"  , \N
"332", "415", "8.10" , "1.62", "6.48" , "card"  , "completed", "2026-04-25 19:14:58"
"333", "416", "15.03", "3.01", "12.02", "cash"  , "completed", "2026-04-25 19:20:31"
"334", "417", "21.26", "4.25", "17.01", "card"  , "completed", "2026-04-25 19:28:59"
"335", "419", "12.72", "2.54", "10.18", "card"  , "pending"  , \N
"336", "420", "15.18", "3.04", "12.14", "wallet", "pending"  , \N
"337", "421", "9.20" , "1.84", "7.36" , "cash"  , "completed", "2026-04-25 19:05:39"
"338", "422", "7.21" , "1.44", "5.77" , "cash"  , "completed", "2026-04-25 19:11:55"
"339", "423", "28.52", "5.70", "22.82", "card"  , "completed", "2026-04-25 19:46:07"
"340", "424", "6.52" , "1.30", "5.22" , "cash"  , "pending"  , \N
"341", "425", "16.08", "3.22", "12.86", "wallet", "completed", "2026-04-25 19:23:55"
"342", "426", "6.43" , "1.29", "5.14" , "cash"  , "pending"  , \N
"343", "427", "9.65" , "1.93", "7.72" , "card"  , "pending"  , \N
"344", "428", "21.03", "4.21", "16.82", "card"  , "pending"  , \N
"345", "429", "22.80", "4.56", "18.24", "wallet", "completed", "2026-04-25 19:36:29"
"346", "430", "18.54", "3.71", "14.83", "card"  , "completed", "2026-04-25 19:28:33"
"347", "431", "9.06" , "1.81", "7.25" , "card"  , "completed", "2026-04-25 19:16:41"
"348", "432", "22.09", "4.42", "17.67", "wallet", "completed", "2026-04-25 19:37:05"
"349", "433", "5.08" , "1.02", "4.06" , "wallet", "completed", "2026-04-25 19:14:31"
"350", "434", "13.59", "2.72", "10.87", "card"  , "pending"  , \N
"351", "435", "18.01", "3.60", "14.41", "cash"  , "completed", "2026-04-25 19:25:15"
"352", "436", "11.16", "2.23", "8.93" , "wallet", "pending"  , \N
"353", "438", "9.07" , "1.81", "7.26" , "wallet", "completed", "2026-04-25 19:19:01"
"354", "439", "9.61" , "1.92", "7.69" , "card"  , "pending"  , \N
"355", "440", "11.39", "2.28", "9.11" , "wallet", "pending"  , \N
"356", "441", "7.04" , "1.41", "5.63" , "wallet", "completed", "2026-04-25 19:15:20"
"357", "443", "9.71" , "1.94", "7.77" , "cash"  , "pending"  , \N
"358", "444", "7.14" , "1.43", "5.71" , "card"  , "completed", "2026-04-25 19:10:32"
"359", "445", "16.66", "3.33", "13.33", "wallet", "completed", "2026-04-25 19:28:35"
"360", "446", "19.00", "3.80", "15.20", "cash"  , "completed", "2026-04-25 19:22:23"
"361", "447", "16.90", "3.38", "13.52", "card"  , "pending"  , \N
"362", "450", "6.69" , "1.34", "5.35" , "cash"  , "completed", "2026-04-25 19:14:14"
"363", "451", "5.27" , "1.05", "4.22" , "cash"  , "completed", "2026-04-25 19:03:59"
"364", "453", "23.95", "4.79", "19.16", "card"  , "pending"  , \N
"365", "454", "25.30", "5.06", "20.24", "card"  , "completed", "2026-04-25 19:37:04"
"366", "455", "12.84", "2.57", "10.27", "card"  , "pending"  , \N
"367", "456", "22.73", "4.55", "18.18", "card"  , "completed", "2026-04-25 19:31:27"
"368", "457", "18.24", "3.65", "14.59", "wallet", "completed", "2026-04-25 19:30:51"
"369", "458", "14.58", "2.92", "11.66", "card"  , "pending"  , \N
"370", "459", "6.81" , "1.36", "5.45" , "wallet", "completed", "2026-04-25 19:11:24"
"371", "460", "18.50", "3.70", "14.80", "card"  , "completed", "2026-04-25 19:27:44"
"372", "461", "13.33", "2.67", "10.66", "wallet", "completed", "2026-04-25 19:23:29"
"373", "462", "17.22", "3.44", "13.78", "card"  , "completed", "2026-04-25 19:25:53"
"374", "463", "15.99", "3.20", "12.79", "card"  , "pending"  , \N
"375", "464", "17.25", "3.45", "13.80", "card"  , "pending"  , \N
"376", "466", "4.40" , "0.88", "3.52" , "cash"  , "completed", "2026-04-25 19:06:50"
"377", "467", "17.51", "3.50", "14.01", "wallet", "completed", "2026-04-25 19:23:37"
"378", "468", "16.62", "3.32", "13.30", "cash"  , "pending"  , \N
"379", "470", "20.30", "4.06", "16.24", "cash"  , "completed", "2026-04-25 19:26:59"
"380", "472", "14.89", "2.98", "11.91", "wallet", "completed", "2026-04-25 19:18:57"
"381", "473", "9.66" , "1.93", "7.73" , "card"  , "pending"  , \N
"382", "474", "6.33" , "1.27", "5.06" , "wallet", "completed", "2026-04-25 19:18:55"
"383", "475", "20.29", "4.06", "16.23", "card"  , "completed", "2026-04-25 19:32:11"
"384", "476", "7.16" , "1.43", "5.73" , "wallet", "completed", "2026-04-25 19:08:40"
"385", "477", "15.31", "3.06", "12.25", "card"  , "pending"  , \N
"386", "479", "22.28", "4.46", "17.82", "wallet", "completed", "2026-04-25 19:25:01"
"387", "480", "9.08" , "1.82", "7.26" , "card"  , "completed", "2026-04-25 19:19:27"
"388", "482", "16.72", "3.34", "13.38", "card"  , "completed", "2026-04-25 19:25:22"
"389", "483", "14.61", "2.92", "11.69", "wallet", "completed", "2026-04-25 19:23:19"
"390", "484", "11.05", "2.21", "8.84" , "card"  , "pending"  , \N
"391", "485", "12.87", "2.57", "10.30", "card"  , "completed", "2026-04-25 19:23:46"
"392", "486", "4.67" , "0.93", "3.74" , "wallet", "pending"  , \N
"393", "487", "5.78" , "1.16", "4.62" , "wallet", "pending"  , \N
"394", "488", "7.66" , "1.53", "6.13" , "card"  , "pending"  , \N
"395", "490", "7.47" , "1.49", "5.98" , "card"  , "completed", "2026-04-25 19:11:13"
"396", "491", "20.30", "4.06", "16.24", "card"  , "completed", "2026-04-25 19:31:21"
"397", "492", "30.78", "6.16", "24.62", "card"  , "completed", "2026-04-25 19:42:36"
"398", "494", "5.05" , "1.01", "4.04" , "card"  , "completed", "2026-04-25 19:05:30"
"399", "495", "12.70", "2.54", "10.16", "card"  , "completed", "2026-04-25 19:14:01"
"400", "497", "18.97", "3.79", "15.18", "card"  , "completed", "2026-04-25 19:25:09"
"401", "498", "6.70" , "1.34", "5.36" , "card"  , "completed", "2026-04-25 19:10:36"
"402", "499", "5.45" , "1.09", "4.36" , "cash"  , "completed", "2026-04-25 19:13:24"
"403", "500", "19.33", "3.87", "15.46", "wallet", "pending"  , \N
"404", "501", "12.65", "2.53", "10.12", "card"  , "completed", "2026-04-25 19:11:47"
"405", "502", "18.40", "3.68", "14.72", "cash"  , "completed", "2026-04-25 19:26:12"
"406", "503", "16.33", "3.27", "13.06", "card"  , "pending"  , \N
"407", "504", "24.52", "4.90", "19.62", "card"  , "completed", "2026-04-25 19:25:39"
"408", "505", "24.78", "4.96", "19.82", "wallet", "completed", "2026-04-25 19:45:47"
"409", "506", "9.76" , "1.95", "7.81" , "card"  , "completed", "2026-04-25 19:14:52"
"410", "507", "21.49", "4.30", "17.19", "card"  , "pending"  , \N
"411", "509", "11.06", "2.21", "8.85" , "card"  , "pending"  , \N
"412", "510", "14.91", "2.98", "11.93", "cash"  , "completed", "2026-04-25 19:22:33"
"413", "511", "9.71" , "1.94", "7.77" , "wallet", "completed", "2026-04-25 19:21:48"
"414", "512", "25.75", "5.15", "20.60", "card"  , "completed", "2026-04-25 19:39:43"
"415", "514", "20.08", "4.02", "16.06", "card"  , "completed", "2026-04-25 19:31:26"
"416", "515", "21.54", "4.31", "17.23", "card"  , "pending"  , \N
"417", "517", "11.69", "2.34", "9.35" , "cash"  , "completed", "2026-04-25 19:10:09"
"418", "518", "6.90" , "1.38", "5.52" , "card"  , "pending"  , \N
"419", "519", "25.16", "5.03", "20.13", "card"  , "completed", "2026-04-25 19:36:53"
"420", "520", "9.00" , "1.80", "7.20" , "cash"  , "completed", "2026-04-25 19:21:08"
"421", "522", "19.23", "3.85", "15.38", "card"  , "pending"  , \N
"422", "523", "19.62", "3.92", "15.70", "card"  , "completed", "2026-04-25 19:34:56"
"423", "524", "9.35" , "1.87", "7.48" , "card"  , "pending"  , \N
"424", "525", "14.33", "2.87", "11.46", "cash"  , "pending"  , \N
"425", "526", "9.64" , "1.93", "7.71" , "wallet", "completed", "2026-04-25 19:10:11"
"426", "528", "12.56", "2.51", "10.05", "card"  , "completed", "2026-04-25 19:24:00"
"427", "529", "16.75", "3.35", "13.40", "card"  , "completed", "2026-04-25 19:25:38"
"428", "530", "4.89" , "0.98", "3.91" , "cash"  , "completed", "2026-04-25 19:08:00"
"429", "531", "15.24", "3.05", "12.19", "card"  , "completed", "2026-04-25 19:21:46"
"430", "532", "13.87", "2.77", "11.10", "card"  , "completed", "2026-04-25 19:18:30"
"431", "533", "10.00", "2.00", "8.00" , "card"  , "pending"  , \N
"432", "534", "27.84", "5.57", "22.27", "cash"  , "completed", "2026-04-25 19:31:41"
"433", "535", "10.43", "2.09", "8.34" , "card"  , "completed", "2026-04-25 19:17:39"
"434", "536", "8.97" , "1.79", "7.18" , "card"  , "pending"  , \N
"435", "537", "25.05", "5.01", "20.04", "wallet", "completed", "2026-04-25 19:36:51"
"436", "538", "7.72" , "1.54", "6.18" , "cash"  , "completed", "2026-04-25 19:18:22"
"437", "539", "15.94", "3.19", "12.75", "wallet", "completed", "2026-04-25 19:29:09"
"438", "540", "21.61", "4.32", "17.29", "card"  , "completed", "2026-04-25 19:28:40"
"439", "541", "20.64", "4.13", "16.51", "card"  , "completed", "2026-04-25 19:34:27"
"440", "542", "7.37" , "1.47", "5.90" , "wallet", "pending"  , \N
"441", "543", "8.62" , "1.72", "6.90" , "wallet", "completed", "2026-04-25 19:17:22"
"442", "544", "24.91", "4.98", "19.93", "card"  , "pending"  , \N
"443", "545", "16.66", "3.33", "13.33", "card"  , "pending"  , \N
"444", "546", "14.88", "2.98", "11.90", "card"  , "completed", "2026-04-25 19:19:31"
"445", "547", "15.67", "3.13", "12.54", "card"  , "pending"  , \N
"446", "548", "6.49" , "1.30", "5.19" , "card"  , "completed", "2026-04-25 19:09:42"
"447", "549", "24.29", "4.86", "19.43", "card"  , "pending"  , \N
"448", "550", "18.09", "3.62", "14.47", "cash"  , "completed", "2026-04-25 19:25:28"
"449", "551", "20.62", "4.12", "16.50", "wallet", "completed", "2026-04-25 19:26:06"
"450", "554", "8.12" , "1.62", "6.50" , "wallet", "pending"  , \N
"451", "555", "9.57" , "1.91", "7.66" , "cash"  , "pending"  , \N
"452", "557", "22.18", "4.44", "17.74", "card"  , "completed", "2026-04-25 19:29:52"
"453", "558", "12.63", "2.53", "10.10", "card"  , "pending"  , \N
"454", "559", "4.82" , "0.96", "3.86" , "wallet", "pending"  , \N
"455", "560", "16.64", "3.33", "13.31", "wallet", "pending"  , \N
"456", "562", "5.01" , "1.00", "4.01" , "card"  , "completed", "2026-04-25 19:07:07"
"457", "563", "23.35", "4.67", "18.68", "cash"  , "pending"  , \N
"458", "564", "8.84" , "1.77", "7.07" , "card"  , "pending"  , \N
"459", "565", "25.44", "5.09", "20.35", "card"  , "pending"  , \N
"460", "566", "13.64", "2.73", "10.91", "card"  , "completed", "2026-04-25 19:24:48"
"461", "567", "11.97", "2.39", "9.58" , "wallet", "completed", "2026-04-25 19:24:32"
"462", "568", "9.34" , "1.87", "7.47" , "card"  , "completed", "2026-04-25 19:01:18"
"463", "569", "10.31", "2.06", "8.25" , "card"  , "completed", "2026-04-25 19:17:19"
"464", "570", "10.97", "2.19", "8.78" , "card"  , "completed", "2026-04-25 19:16:54"
"465", "571", "18.84", "3.77", "15.07", "card"  , "completed", "2026-04-25 19:27:17"
"466", "572", "17.06", "3.41", "13.65", "cash"  , "completed", "2026-04-25 19:31:40"
"467", "573", "29.24", "5.85", "23.39", "card"  , "completed", "2026-04-25 19:37:46"
"468", "574", "9.15" , "1.83", "7.32" , "cash"  , "completed", "2026-04-25 19:15:14"
"469", "575", "13.82", "2.76", "11.06", "wallet", "completed", "2026-04-25 19:23:52"
"470", "577", "5.16" , "1.03", "4.13" , "card"  , "completed", "2026-04-25 19:05:33"
"471", "578", "18.95", "3.79", "15.16", "card"  , "completed", "2026-04-25 19:27:59"
"472", "579", "18.62", "3.72", "14.90", "card"  , "pending"  , \N
"473", "580", "11.76", "2.35", "9.41" , "card"  , "completed", "2026-04-25 19:22:27"
"474", "581", "15.46", "3.09", "12.37", "wallet", "pending"  , \N
"475", "582", "30.31", "6.06", "24.25", "wallet", "completed", "2026-04-25 19:42:33"
"476", "583", "15.40", "3.08", "12.32", "card"  , "completed", "2026-04-25 19:23:56"
"477", "584", "11.02", "2.20", "8.82" , "card"  , "completed", "2026-04-25 19:12:16"
"478", "585", "8.78" , "1.76", "7.02" , "card"  , "completed", "2026-04-25 19:11:56"
"479", "586", "10.26", "2.05", "8.21" , "cash"  , "completed", "2026-04-25 19:20:59"
"480", "588", "26.22", "5.24", "20.98", "cash"  , "pending"  , \N
"481", "589", "7.23" , "1.45", "5.78" , "card"  , "pending"  , \N
"482", "590", "9.34" , "1.87", "7.47" , "card"  , "pending"  , \N
"483", "591", "19.26", "3.85", "15.41", "cash"  , "completed", "2026-04-25 19:25:09"
"484", "592", "22.62", "4.52", "18.10", "wallet", "completed", "2026-04-25 19:30:51"
"485", "593", "11.07", "2.21", "8.86" , "card"  , "pending"  , \N
"486", "594", "13.05", "2.61", "10.44", "wallet", "pending"  , \N
"487", "595", "15.02", "3.00", "12.02", "card"  , "completed", "2026-04-25 19:22:28"
"488", "596", "6.73" , "1.35", "5.38" , "card"  , "completed", "2026-04-25 19:09:53"
"489", "597", "8.72" , "1.74", "6.98" , "wallet", "pending"  , \N
"490", "598", "4.05" , "0.81", "3.24" , "cash"  , "completed", "2026-04-25 19:14:03"
"491", "599", "9.87" , "1.97", "7.90" , "card"  , "completed", "2026-04-25 19:15:11"
"492", "600", "16.59", "3.32", "13.27", "card"  , "completed", "2026-04-25 19:27:27"
"493", "601", "6.55" , "1.31", "5.24" , "cash"  , "pending"  , \N
"494", "602", "18.87", "3.77", "15.10", "card"  , "pending"  , \N
"495", "604", "16.38", "3.28", "13.10", "wallet", "pending"  , \N
"496", "605", "9.28" , "1.86", "7.42" , "cash"  , "completed", "2026-04-25 19:14:49"
"497", "606", "7.64" , "1.53", "6.11" , "cash"  , "pending"  , \N
"498", "607", "20.29", "4.06", "16.23", "cash"  , "completed", "2026-04-25 19:33:35"
"499", "608", "8.71" , "1.74", "6.97" , "card"  , "completed", "2026-04-25 19:07:13"
"500", "609", "20.36", "4.07", "16.29", "wallet", "completed", "2026-04-25 19:29:45"
"501", "610", "25.43", "5.09", "20.34", "card"  , "pending"  , \N
"502", "611", "15.21", "3.04", "12.17", "card"  , "completed", "2026-04-25 19:27:07"
"503", "612", "22.30", "4.46", "17.84", "cash"  , "completed", "2026-04-25 19:33:48"
"504", "613", "5.85" , "1.17", "4.68" , "cash"  , "completed", "2026-04-25 19:18:11"
"505", "615", "13.28", "2.66", "10.62", "wallet", "pending"  , \N
"506", "616", "9.27" , "1.85", "7.42" , "card"  , "pending"  , \N
"507", "617", "14.13", "2.83", "11.30", "card"  , "completed", "2026-04-25 19:23:21"
"508", "618", "24.07", "4.81", "19.26", "wallet", "completed", "2026-04-25 19:37:32"
"509", "619", "21.46", "4.29", "17.17", "wallet", "completed", "2026-04-25 19:33:58"
"510", "620", "16.16", "3.23", "12.93", "card"  , "completed", "2026-04-25 19:29:27"
"511", "622", "16.59", "3.32", "13.27", "wallet", "pending"  , \N
"512", "623", "26.09", "5.22", "20.87", "wallet", "completed", "2026-04-25 19:32:57"
"513", "625", "11.20", "2.24", "8.96" , "wallet", "completed", "2026-04-25 19:20:02"
"514", "626", "12.36", "2.47", "9.89" , "wallet", "completed", "2026-04-25 19:23:09"
"515", "627", "14.06", "2.81", "11.25", "wallet", "pending"  , \N
"516", "628", "23.57", "4.71", "18.86", "cash"  , "completed", "2026-04-25 19:36:44"
"517", "629", "18.85", "3.77", "15.08", "wallet", "pending"  , \N
"518", "630", "12.90", "2.58", "10.32", "card"  , "completed", "2026-04-25 19:20:49"
"519", "631", "4.51" , "0.90", "3.61" , "card"  , "pending"  , \N
"520", "632", "18.55", "3.71", "14.84", "wallet", "completed", "2026-04-25 19:22:31"
"521", "633", "7.16" , "1.43", "5.73" , "card"  , "completed", "2026-04-25 19:10:06"
"522", "634", "6.01" , "1.20", "4.81" , "cash"  , "completed", "2026-04-25 19:12:05"
"523", "635", "17.66", "3.53", "14.13", "card"  , "pending"  , \N
"524", "637", "9.95" , "1.99", "7.96" , "card"  , "completed", "2026-04-25 19:17:10"
"525", "638", "8.00" , "1.60", "6.40" , "card"  , "pending"  , \N
"526", "639", "13.13", "2.63", "10.50", "card"  , "completed", "2026-04-25 19:18:24"
"527", "642", "32.36", "6.47", "25.89", "card"  , "completed", "2026-04-25 19:41:23"
"528", "643", "24.15", "4.83", "19.32", "card"  , "completed", "2026-04-25 19:35:00"
"529", "644", "19.55", "3.91", "15.64", "card"  , "pending"  , \N
"530", "645", "20.36", "4.07", "16.29", "card"  , "pending"  , \N
"531", "646", "24.38", "4.88", "19.50", "card"  , "pending"  , \N
"532", "647", "17.93", "3.59", "14.34", "card"  , "completed", "2026-04-25 19:33:16"
"533", "648", "8.47" , "1.69", "6.78" , "cash"  , "completed", "2026-04-25 19:10:21"
"534", "649", "12.73", "2.55", "10.18", "card"  , "pending"  , \N
"535", "650", "6.79" , "1.36", "5.43" , "wallet", "completed", "2026-04-25 19:12:57"
"536", "651", "25.03", "5.01", "20.02", "wallet", "completed", "2026-04-25 19:26:36"
"537", "652", "15.67", "3.13", "12.54", "cash"  , "pending"  , \N
"538", "653", "3.94" , "0.79", "3.15" , "card"  , "completed", "2026-04-25 19:07:58"
"539", "654", "18.48", "3.70", "14.78", "cash"  , "completed", "2026-04-25 19:27:30"
"540", "655", "13.13", "2.63", "10.50", "cash"  , "pending"  , \N
"541", "656", "16.07", "3.21", "12.86", "wallet", "completed", "2026-04-25 19:21:33"
"542", "657", "19.47", "3.89", "15.58", "card"  , "completed", "2026-04-25 19:27:39"
"543", "658", "19.09", "3.82", "15.27", "card"  , "completed", "2026-04-25 19:22:15"
"544", "659", "20.14", "4.03", "16.11", "card"  , "completed", "2026-04-25 19:35:34"
"545", "660", "25.31", "5.06", "20.25", "card"  , "completed", "2026-04-25 19:34:29"
"546", "661", "12.56", "2.51", "10.05", "wallet", "completed", "2026-04-25 19:14:17"
"547", "662", "23.38", "4.68", "18.70", "card"  , "completed", "2026-04-25 19:28:29"
"548", "663", "14.47", "2.89", "11.58", "card"  , "pending"  , \N
"549", "664", "7.47" , "1.49", "5.98" , "cash"  , "completed", "2026-04-25 19:10:41"
"550", "665", "10.19", "2.04", "8.15" , "card"  , "completed", "2026-04-25 19:11:36"
"551", "666", "13.16", "2.63", "10.53", "card"  , "completed", "2026-04-25 19:23:57"
"552", "667", "15.93", "3.19", "12.74", "card"  , "pending"  , \N
"553", "668", "15.72", "3.14", "12.58", "wallet", "completed", "2026-04-25 19:24:41"
"554", "669", "14.38", "2.88", "11.50", "cash"  , "completed", "2026-04-25 19:22:51"
"555", "673", "24.62", "4.92", "19.70", "cash"  , "completed", "2026-04-25 19:32:38"
"556", "674", "12.11", "2.42", "9.69" , "cash"  , "completed", "2026-04-25 19:18:34"
"557", "675", "22.07", "4.41", "17.66", "card"  , "pending"  , \N
"558", "676", "12.13", "2.43", "9.70" , "cash"  , "completed", "2026-04-25 19:15:54"
"559", "677", "20.72", "4.14", "16.58", "card"  , "pending"  , \N
"560", "678", "4.17" , "0.83", "3.34" , "cash"  , "completed", "2026-04-25 19:17:05"
"561", "679", "11.36", "2.27", "9.09" , "card"  , "completed", "2026-04-25 19:14:08"
"562", "680", "14.85", "2.97", "11.88", "card"  , "completed", "2026-04-25 19:18:02"
"563", "681", "14.64", "2.93", "11.71", "card"  , "completed", "2026-04-25 19:25:20"
"564", "682", "15.71", "3.14", "12.57", "card"  , "pending"  , \N
"565", "683", "15.39", "3.08", "12.31", "card"  , "pending"  , \N
"566", "684", "18.62", "3.72", "14.90", "wallet", "completed", "2026-04-25 19:23:00"
"567", "685", "14.46", "2.89", "11.57", "wallet", "completed", "2026-04-25 19:22:12"
"568", "688", "5.77" , "1.15", "4.62" , "card"  , "completed", "2026-04-25 19:07:55"
"569", "689", "17.49", "3.50", "13.99", "wallet", "completed", "2026-04-25 19:26:15"
"570", "690", "12.18", "2.44", "9.74" , "wallet", "completed", "2026-04-25 19:16:43"
"571", "691", "8.95" , "1.79", "7.16" , "wallet", "completed", "2026-04-25 19:10:55"
"572", "692", "14.19", "2.84", "11.35", "cash"  , "pending"  , \N
"573", "693", "15.70", "3.14", "12.56", "card"  , "pending"  , \N
"574", "694", "8.97" , "1.79", "7.18" , "card"  , "completed", "2026-04-25 19:10:54"
"575", "695", "20.03", "4.01", "16.02", "card"  , "completed", "2026-04-25 19:27:00"
"576", "696", "21.70", "4.34", "17.36", "card"  , "completed", "2026-04-25 19:31:55"
"577", "697", "13.14", "2.63", "10.51", "cash"  , "completed", "2026-04-25 19:14:46"
"578", "698", "6.36" , "1.27", "5.09" , "card"  , "completed", "2026-04-25 19:09:01"
"579", "699", "16.51", "3.30", "13.21", "card"  , "completed", "2026-04-25 19:19:40"
"580", "700", "26.10", "5.22", "20.88", "card"  , "pending"  , \N
"581", "702", "15.99", "3.20", "12.79", "wallet", "completed", "2026-04-25 19:24:25"
"582", "705", "15.91", "3.18", "12.73", "card"  , "pending"  , \N
"583", "706", "8.71" , "1.74", "6.97" , "card"  , "completed", "2026-04-25 19:13:31"
"584", "708", "8.60" , "1.72", "6.88" , "card"  , "completed", "2026-04-25 19:19:45"
"585", "709", "7.38" , "1.48", "5.90" , "cash"  , "pending"  , \N
"586", "710", "21.59", "4.32", "17.27", "card"  , "completed", "2026-04-25 19:26:18"
"587", "711", "8.91" , "1.78", "7.13" , "card"  , "completed", "2026-04-25 19:16:59"
"588", "712", "17.31", "3.46", "13.85", "wallet", "pending"  , \N
"589", "713", "10.25", "2.05", "8.20" , "card"  , "completed", "2026-04-25 19:13:57"
"590", "714", "9.17" , "1.83", "7.34" , "cash"  , "pending"  , \N
"591", "715", "24.62", "4.92", "19.70", "card"  , "completed", "2026-04-25 19:39:04"
"592", "716", "14.09", "2.82", "11.27", "wallet", "pending"  , \N
"593", "717", "8.64" , "1.73", "6.91" , "card"  , "pending"  , \N
"594", "718", "15.90", "3.18", "12.72", "card"  , "pending"  , \N
"595", "719", "5.71" , "1.14", "4.57" , "wallet", "completed", "2026-04-25 19:08:37"
"596", "720", "24.87", "4.97", "19.90", "wallet", "completed", "2026-04-25 19:35:30"
"597", "721", "22.93", "4.59", "18.34", "cash"  , "completed", "2026-04-25 19:27:25"
"598", "722", "10.79", "2.16", "8.63" , "cash"  , "completed", "2026-04-25 19:24:31"
"599", "723", "4.28" , "0.86", "3.42" , "cash"  , "completed", "2026-04-25 19:05:26"
"600", "724", "6.55" , "1.31", "5.24" , "card"  , "completed", "2026-04-25 19:13:44"
"601", "725", "17.24", "3.45", "13.79", "wallet", "pending"  , \N
"602", "726", "14.99", "3.00", "11.99", "card"  , "pending"  , \N
"603", "727", "17.41", "3.48", "13.93", "wallet", "completed", "2026-04-25 19:22:02"
"604", "729", "6.92" , "1.38", "5.54" , "cash"  , "completed", "2026-04-25 19:04:57"
"605", "730", "20.73", "4.15", "16.58", "cash"  , "completed", "2026-04-25 19:28:59"
"606", "731", "18.66", "3.73", "14.93", "cash"  , "completed", "2026-04-25 19:30:55"
"607", "732", "19.42", "3.88", "15.54", "card"  , "completed", "2026-04-25 19:25:07"
"608", "733", "15.31", "3.06", "12.25", "card"  , "completed", "2026-04-25 19:20:03"
"609", "734", "13.22", "2.64", "10.58", "card"  , "completed", "2026-04-25 19:12:08"
"610", "735", "10.24", "2.05", "8.19" , "wallet", "completed", "2026-04-25 19:09:45"
"611", "736", "10.35", "2.07", "8.28" , "cash"  , "completed", "2026-04-25 19:17:15"
"612", "737", "24.83", "4.97", "19.86", "card"  , "completed", "2026-04-25 19:31:23"
"613", "739", "10.82", "2.16", "8.66" , "cash"  , "completed", "2026-04-25 19:21:16"
"614", "740", "21.83", "4.37", "17.46", "card"  , "pending"  , \N
"615", "741", "18.16", "3.63", "14.53", "card"  , "pending"  , \N
"616", "742", "17.54", "3.51", "14.03", "card"  , "completed", "2026-04-25 19:24:39"
"617", "743", "24.25", "4.85", "19.40", "card"  , "completed", "2026-04-25 19:31:37"
"618", "745", "28.76", "5.75", "23.01", "wallet", "pending"  , \N
"619", "746", "15.17", "3.03", "12.14", "card"  , "completed", "2026-04-25 19:23:42"
"620", "747", "12.86", "2.57", "10.29", "wallet", "completed", "2026-04-25 19:21:04"
"621", "748", "7.22" , "1.44", "5.78" , "cash"  , "completed", "2026-04-25 19:14:05"
"622", "749", "7.63" , "1.53", "6.10" , "card"  , "pending"  , \N
"623", "750", "22.47", "4.49", "17.98", "card"  , "pending"  , \N
"624", "751", "21.00", "4.20", "16.80", "card"  , "completed", "2026-04-25 19:27:26"
"625", "752", "19.07", "3.81", "15.26", "cash"  , "completed", "2026-04-25 19:34:05"
"626", "754", "8.58" , "1.72", "6.86" , "card"  , "pending"  , \N
"627", "755", "22.74", "4.55", "18.19", "card"  , "completed", "2026-04-25 19:30:30"
"628", "756", "14.09", "2.82", "11.27", "cash"  , "completed", "2026-04-25 19:14:41"
"629", "757", "15.15", "3.03", "12.12", "wallet", "pending"  , \N
"630", "759", "18.16", "3.63", "14.53", "wallet", "completed", "2026-04-25 19:28:22"
"631", "760", "12.79", "2.56", "10.23", "wallet", "pending"  , \N
"632", "761", "19.30", "3.86", "15.44", "cash"  , "completed", "2026-04-25 19:29:59"
"633", "762", "17.41", "3.48", "13.93", "wallet", "completed", "2026-04-25 19:25:04"
"634", "763", "19.35", "3.87", "15.48", "card"  , "pending"  , \N
"635", "764", "18.10", "3.62", "14.48", "wallet", "pending"  , \N
"636", "765", "7.69" , "1.54", "6.15" , "wallet", "pending"  , \N
"637", "767", "7.89" , "1.58", "6.31" , "card"  , "completed", "2026-04-25 19:11:29"
"638", "769", "21.55", "4.31", "17.24", "wallet", "pending"  , \N
"639", "770", "12.64", "2.53", "10.11", "card"  , "pending"  , \N
"640", "771", "17.84", "3.57", "14.27", "card"  , "pending"  , \N
"641", "773", "8.38" , "1.68", "6.70" , "cash"  , "completed", "2026-04-25 19:10:50"
"642", "774", "7.94" , "1.59", "6.35" , "card"  , "pending"  , \N
"643", "775", "14.19", "2.84", "11.35", "cash"  , "pending"  , \N
"644", "776", "18.88", "3.78", "15.10", "wallet", "pending"  , \N
"645", "779", "20.07", "4.01", "16.06", "card"  , "pending"  , \N
"646", "780", "23.17", "4.63", "18.54", "card"  , "completed", "2026-04-25 19:40:19"
"647", "781", "19.72", "3.94", "15.78", "cash"  , "completed", "2026-04-25 19:21:28"
"648", "782", "7.07" , "1.41", "5.66" , "wallet", "completed", "2026-04-25 19:15:17"
"649", "784", "23.07", "4.61", "18.46", "card"  , "completed", "2026-04-25 19:35:12"
"650", "785", "6.87" , "1.37", "5.50" , "wallet", "completed", "2026-04-25 19:11:18"
"651", "786", "18.89", "3.78", "15.11", "wallet", "completed", "2026-04-25 19:20:35"
"652", "787", "12.26", "2.45", "9.81" , "cash"  , "pending"  , \N
"653", "789", "15.88", "3.18", "12.70", "card"  , "completed", "2026-04-25 19:30:03"
"654", "790", "22.33", "4.47", "17.86", "wallet", "completed", "2026-04-25 19:33:23"
"655", "791", "15.44", "3.09", "12.35", "wallet", "pending"  , \N
"656", "792", "19.50", "3.90", "15.60", "card"  , "completed", "2026-04-25 19:35:14"
"657", "793", "19.17", "3.83", "15.34", "wallet", "completed", "2026-04-25 19:26:43"
"658", "794", "10.68", "2.14", "8.54" , "card"  , "pending"  , \N
"659", "795", "13.50", "2.70", "10.80", "wallet", "pending"  , \N
"660", "796", "14.45", "2.89", "11.56", "cash"  , "pending"  , \N
"661", "797", "22.12", "4.42", "17.70", "card"  , "completed", "2026-04-25 19:34:05"
"662", "798", "20.16", "4.03", "16.13", "cash"  , "pending"  , \N
"663", "799", "9.18" , "1.84", "7.34" , "card"  , "pending"  , \N
"664", "800", "6.52" , "1.30", "5.22" , "wallet", "completed", "2026-04-25 19:09:05"
"665", "801", "12.75", "2.55", "10.20", "wallet", "completed", "2026-04-25 19:20:51"
"666", "802", "14.05", "2.81", "11.24", "cash"  , "pending"  , \N
"667", "804", "13.12", "2.62", "10.50", "card"  , "completed", "2026-04-25 19:19:52"
"668", "805", "7.92" , "1.58", "6.34" , "card"  , "completed", "2026-04-25 19:11:10"
"669", "806", "8.83" , "1.77", "7.06" , "card"  , "pending"  , \N
"670", "807", "20.02", "4.00", "16.02", "card"  , "completed", "2026-04-25 19:30:42"
"671", "808", "21.43", "4.29", "17.14", "card"  , "completed", "2026-04-25 19:32:58"
"672", "810", "24.00", "4.80", "19.20", "card"  , "pending"  , \N
"673", "811", "19.15", "3.83", "15.32", "cash"  , "pending"  , \N
"674", "812", "26.67", "5.33", "21.34", "card"  , "pending"  , \N
"675", "813", "15.03", "3.01", "12.02", "card"  , "pending"  , \N
"676", "817", "11.11", "2.22", "8.89" , "wallet", "completed", "2026-04-25 19:14:29"
"677", "818", "14.66", "2.93", "11.73", "wallet", "completed", "2026-04-25 19:24:31"
"678", "819", "12.43", "2.49", "9.94" , "wallet", "pending"  , \N
"679", "823", "18.53", "3.71", "14.82", "card"  , "pending"  , \N
"680", "824", "5.37" , "1.07", "4.30" , "card"  , "completed", "2026-04-25 19:12:46"
"681", "825", "8.54" , "1.71", "6.83" , "cash"  , "pending"  , \N
"682", "827", "14.73", "2.95", "11.78", "cash"  , "completed", "2026-04-25 19:25:01"
"683", "828", "17.08", "3.42", "13.66", "cash"  , "completed", "2026-04-25 19:23:00"
"684", "830", "17.02", "3.40", "13.62", "cash"  , "completed", "2026-04-25 19:22:39"
"685", "831", "4.25" , "0.85", "3.40" , "cash"  , "completed", "2026-04-25 19:09:22"
"686", "832", "9.43" , "1.89", "7.54" , "card"  , "completed", "2026-04-25 19:21:04"
"687", "833", "14.02", "2.80", "11.22", "wallet", "completed", "2026-04-25 19:18:46"
"688", "834", "6.21" , "1.24", "4.97" , "card"  , "completed", "2026-04-25 19:09:01"
"689", "835", "14.55", "2.91", "11.64", "card"  , "completed", "2026-04-25 19:20:08"
"690", "836", "6.17" , "1.23", "4.94" , "wallet", "completed", "2026-04-25 19:13:53"
"691", "837", "2.70" , "0.54", "2.16" , "wallet", "pending"  , \N
"692", "838", "9.72" , "1.94", "7.78" , "card"  , "completed", "2026-04-25 19:14:50"
"693", "839", "18.50", "3.70", "14.80", "cash"  , "completed", "2026-04-25 19:31:37"
"694", "840", "25.35", "5.07", "20.28", "card"  , "completed", "2026-04-25 19:40:02"
"695", "841", "17.06", "3.41", "13.65", "wallet", "pending"  , \N
"696", "842", "13.91", "2.78", "11.13", "cash"  , "completed", "2026-04-25 19:13:07"
"697", "843", "18.80", "3.76", "15.04", "wallet", "pending"  , \N
"698", "844", "23.40", "4.68", "18.72", "cash"  , "completed", "2026-04-25 19:30:50"
"699", "845", "21.81", "4.36", "17.45", "cash"  , "pending"  , \N
"700", "847", "18.65", "3.73", "14.92", "cash"  , "pending"  , \N
"701", "848", "12.34", "2.47", "9.87" , "card"  , "pending"  , \N
"702", "849", "17.86", "3.57", "14.29", "wallet", "completed", "2026-04-25 19:24:12"
"703", "850", "16.89", "3.38", "13.51", "card"  , "completed", "2026-04-25 19:22:29"
"704", "852", "15.87", "3.17", "12.70", "card"  , "pending"  , \N
"705", "853", "19.23", "3.85", "15.38", "card"  , "completed", "2026-04-25 19:24:15"
"706", "854", "3.21" , "0.64", "2.57" , "cash"  , "pending"  , \N
"707", "855", "23.72", "4.74", "18.98", "wallet", "completed", "2026-04-25 19:23:42"
"708", "856", "25.44", "5.09", "20.35", "card"  , "completed", "2026-04-25 19:32:57"
"709", "857", "3.80" , "0.76", "3.04" , "card"  , "completed", "2026-04-25 19:03:37"
"710", "858", "9.09" , "1.82", "7.27" , "card"  , "completed", "2026-04-25 19:14:44"
"711", "859", "10.55", "2.11", "8.44" , "card"  , "pending"  , \N
"712", "860", "10.34", "2.07", "8.27" , "card"  , "pending"  , \N
"713", "861", "11.01", "2.20", "8.81" , "wallet", "pending"  , \N
"714", "862", "22.55", "4.51", "18.04", "card"  , "completed", "2026-04-25 19:29:15"
"715", "863", "10.81", "2.16", "8.65" , "card"  , "pending"  , \N
"716", "864", "17.76", "3.55", "14.21", "card"  , "pending"  , \N
"717", "865", "29.78", "5.96", "23.82", "wallet", "pending"  , \N
"718", "866", "10.17", "2.03", "8.14" , "cash"  , "completed", "2026-04-25 19:17:08"
"719", "867", "12.80", "2.56", "10.24", "cash"  , "completed", "2026-04-25 19:22:38"
"720", "868", "11.24", "2.25", "8.99" , "wallet", "completed", "2026-04-25 19:21:16"
"721", "869", "12.46", "2.49", "9.97" , "card"  , "completed", "2026-04-25 19:17:21"
"722", "870", "28.14", "5.63", "22.51", "wallet", "pending"  , \N
"723", "871", "23.25", "4.65", "18.60", "card"  , "completed", "2026-04-25 19:32:02"
"724", "872", "23.36", "4.67", "18.69", "card"  , "completed", "2026-04-25 19:30:17"
"725", "874", "15.48", "3.10", "12.38", "card"  , "pending"  , \N
"726", "875", "8.72" , "1.74", "6.98" , "wallet", "pending"  , \N
"727", "876", "16.29", "3.26", "13.03", "cash"  , "completed", "2026-04-25 19:27:18"
"728", "877", "21.38", "4.28", "17.10", "wallet", "pending"  , \N
"729", "878", "9.33" , "1.87", "7.46" , "cash"  , "completed", "2026-04-25 19:11:58"
"730", "879", "25.03", "5.01", "20.02", "wallet", "completed", "2026-04-25 19:44:08"
"731", "880", "20.68", "4.14", "16.54", "card"  , "pending"  , \N
"732", "881", "2.56" , "0.51", "2.05" , "wallet", "completed", "2026-04-25 19:10:37"
"733", "882", "21.72", "4.34", "17.38", "cash"  , "pending"  , \N
"734", "884", "6.07" , "1.21", "4.86" , "card"  , "completed", "2026-04-25 19:10:24"
"735", "885", "23.28", "4.66", "18.62", "card"  , "completed", "2026-04-25 19:28:26"
"736", "886", "9.46" , "1.89", "7.57" , "wallet", "completed", "2026-04-25 19:14:52"
"737", "887", "18.74", "3.75", "14.99", "cash"  , "completed", "2026-04-25 19:32:15"
"738", "888", "13.27", "2.65", "10.62", "card"  , "pending"  , \N
"739", "889", "18.34", "3.67", "14.67", "card"  , "pending"  , \N
"740", "890", "14.97", "2.99", "11.98", "wallet", "pending"  , \N
"741", "891", "5.64" , "1.13", "4.51" , "card"  , "completed", "2026-04-25 19:07:22"
"742", "893", "22.19", "4.44", "17.75", "card"  , "completed", "2026-04-25 19:35:03"
"743", "894", "8.78" , "1.76", "7.02" , "card"  , "completed", "2026-04-25 19:08:24"
"744", "896", "22.61", "4.52", "18.09", "card"  , "completed", "2026-04-25 19:30:37"
"745", "897", "20.63", "4.13", "16.50", "wallet", "pending"  , \N
"746", "899", "13.65", "2.73", "10.92", "cash"  , "completed", "2026-04-25 19:14:52"
"747", "900", "9.12" , "1.82", "7.30" , "wallet", "completed", "2026-04-25 19:07:26"
"748", "901", "26.15", "5.23", "20.92", "card"  , "completed", "2026-04-25 19:38:41"
"749", "902", "8.84" , "1.77", "7.07" , "cash"  , "pending"  , \N
"750", "903", "13.63", "2.73", "10.90", "cash"  , "completed", "2026-04-25 19:26:31"
"751", "904", "12.37", "2.47", "9.90" , "wallet", "completed", "2026-04-25 19:17:54"
"752", "905", "11.06", "2.21", "8.85" , "cash"  , "completed", "2026-04-25 19:16:01"
"753", "906", "26.21", "5.24", "20.97", "card"  , "completed", "2026-04-25 19:40:08"
"754", "907", "19.10", "3.82", "15.28", "card"  , "completed", "2026-04-25 19:32:24"
"755", "908", "17.56", "3.51", "14.05", "wallet", "pending"  , \N
"756", "909", "2.63" , "0.53", "2.10" , "wallet", "completed", "2026-04-25 19:06:34"
"757", "910", "4.56" , "0.91", "3.65" , "cash"  , "completed", "2026-04-25 19:04:56"
"758", "911", "8.33" , "1.67", "6.66" , "wallet", "pending"  , \N
"759", "912", "23.38", "4.68", "18.70", "cash"  , "completed", "2026-04-25 19:32:38"
"760", "914", "15.98", "3.20", "12.78", "cash"  , "pending"  , \N
"761", "915", "16.52", "3.30", "13.22", "card"  , "completed", "2026-04-25 19:17:21"
"762", "916", "7.26" , "1.45", "5.81" , "card"  , "pending"  , \N
"763", "917", "4.50" , "0.90", "3.60" , "card"  , "completed", "2026-04-25 19:04:53"
"764", "918", "16.82", "3.36", "13.46", "wallet", "pending"  , \N
"765", "919", "14.31", "2.86", "11.45", "cash"  , "completed", "2026-04-25 19:26:38"
"766", "921", "14.20", "2.84", "11.36", "card"  , "completed", "2026-04-25 19:19:55"
"767", "922", "19.09", "3.82", "15.27", "wallet", "completed", "2026-04-25 19:25:15"
"768", "924", "25.05", "5.01", "20.04", "cash"  , "completed", "2026-04-25 19:36:45"
"769", "925", "17.13", "3.43", "13.70", "card"  , "completed", "2026-04-25 19:27:36"
"770", "927", "20.67", "4.13", "16.54", "wallet", "completed", "2026-04-25 19:32:47"
"771", "928", "18.53", "3.71", "14.82", "card"  , "pending"  , \N
"772", "929", "11.15", "2.23", "8.92" , "wallet", "completed", "2026-04-25 19:16:06"
"773", "930", "20.61", "4.12", "16.49", "card"  , "completed", "2026-04-25 19:29:12"
"774", "931", "16.51", "3.30", "13.21", "cash"  , "pending"  , \N
"775", "933", "8.77" , "1.75", "7.02" , "cash"  , "completed", "2026-04-25 19:15:24"
"776", "935", "20.75", "4.15", "16.60", "wallet", "pending"  , \N
"777", "936", "14.57", "2.91", "11.66", "wallet", "completed", "2026-04-25 19:20:11"
"778", "937", "21.09", "4.22", "16.87", "card"  , "completed", "2026-04-25 19:31:21"
"779", "938", "4.73" , "0.95", "3.78" , "card"  , "completed", "2026-04-25 19:02:45"
"780", "939", "3.92" , "0.78", "3.14" , "card"  , "pending"  , \N
"781", "940", "17.60", "3.52", "14.08", "card"  , "pending"  , \N
"782", "941", "16.18", "3.24", "12.94", "cash"  , "completed", "2026-04-25 19:18:10"
"783", "942", "15.95", "3.19", "12.76", "card"  , "completed", "2026-04-25 19:29:29"
"784", "943", "16.64", "3.33", "13.31", "card"  , "pending"  , \N
"785", "944", "23.32", "4.66", "18.66", "card"  , "completed", "2026-04-25 19:31:03"
"786", "945", "9.64" , "1.93", "7.71" , "cash"  , "completed", "2026-04-25 19:11:15"
"787", "946", "18.58", "3.72", "14.86", "card"  , "pending"  , \N
"788", "947", "3.80" , "0.76", "3.04" , "card"  , "completed", "2026-04-25 19:06:45"
"789", "948", "20.52", "4.10", "16.42", "cash"  , "completed", "2026-04-25 19:24:13"
"790", "950", "20.16", "4.03", "16.13", "cash"  , "completed", "2026-04-25 19:19:04"
"791", "951", "8.67" , "1.73", "6.94" , "cash"  , "completed", "2026-04-25 19:07:37"
"792", "952", "16.71", "3.34", "13.37", "wallet", "completed", "2026-04-25 19:27:28"
"793", "953", "12.96", "2.59", "10.37", "cash"  , "completed", "2026-04-25 19:19:28"
"794", "954", "13.35", "2.67", "10.68", "card"  , "completed", "2026-04-25 19:18:27"
"795", "955", "31.44", "6.29", "25.15", "card"  , "completed", "2026-04-25 19:41:33"
"796", "957", "21.38", "4.28", "17.10", "card"  , "completed", "2026-04-25 19:30:55"
"797", "958", "18.94", "3.79", "15.15", "card"  , "completed", "2026-04-25 19:30:05"
"798", "960", "10.54", "2.11", "8.43" , "card"  , "completed", "2026-04-25 19:14:05"
"799", "961", "24.69", "4.94", "19.75", "card"  , "pending"  , \N
"800", "962", "11.20", "2.24", "8.96" , "card"  , "pending"  , \N
"801", "963", "6.60" , "1.32", "5.28" , "cash"  , "pending"  , \N
"802", "964", "21.13", "4.23", "16.90", "card"  , "completed", "2026-04-25 19:33:28"
"803", "966", "8.44" , "1.69", "6.75" , "cash"  , "pending"  , \N
"804", "967", "16.77", "3.35", "13.42", "wallet", "completed", "2026-04-25 19:26:43"
"805", "969", "22.51", "4.50", "18.01", "card"  , "completed", "2026-04-25 19:33:35"
"806", "970", "25.70", "5.14", "20.56", "wallet", "pending"  , \N
"807", "971", "25.47", "5.09", "20.38", "wallet", "completed", "2026-04-25 19:31:01"
"808", "972", "19.17", "3.83", "15.34", "card"  , "pending"  , \N
"809", "973", "20.28", "4.06", "16.22", "cash"  , "completed", "2026-04-25 19:24:46"
"810", "974", "13.65", "2.73", "10.92", "card"  , "completed", "2026-04-25 19:16:15"
"811", "975", "26.32", "5.26", "21.06", "card"  , "pending"  , \N
"812", "976", "7.28" , "1.46", "5.82" , "card"  , "pending"  , \N
"813", "977", "23.52", "4.70", "18.82", "card"  , "completed", "2026-04-25 19:35:55"
"814", "978", "16.26", "3.25", "13.01", "card"  , "pending"  , \N
"815", "979", "23.65", "4.73", "18.92", "card"  , "completed", "2026-04-25 19:40:36"
"816", "981", "16.01", "3.20", "12.81", "wallet", "completed", "2026-04-25 19:27:56"
"817", "984", "16.26", "3.25", "13.01", "card"  , "completed", "2026-04-25 19:22:57"
"818", "985", "6.08" , "1.22", "4.86" , "card"  , "completed", "2026-04-25 19:08:08"
"819", "986", "18.74", "3.75", "14.99", "card"  , "completed", "2026-04-25 19:24:14"
"820", "987", "10.33", "2.07", "8.26" , "wallet", "completed", "2026-04-25 19:17:24"
"821", "988", "13.70", "2.74", "10.96", "wallet", "completed", "2026-04-25 19:19:52"
"822", "989", "15.22", "3.04", "12.18", "card"  , "completed", "2026-04-25 19:27:46"
"823", "990", "15.23", "3.05", "12.18", "card"  , "completed", "2026-04-25 19:30:54"
"824", "991", "17.85", "3.57", "14.28", "card"  , "completed", "2026-04-25 19:22:08"
"825", "992", "19.24", "3.85", "15.39", "card"  , "completed", "2026-04-25 19:19:32"
"826", "994", "22.70", "4.54", "18.16", "wallet", "pending"  , \N
"827", "995", "7.62" , "1.52", "6.10" , "wallet", "pending"  , \N
"828", "996", "21.58", "4.32", "17.26", "card"  , "pending"  , \N
"829", "997", "5.61" , "1.12", "4.49" , "card"  , "completed", "2026-04-25 19:11:02"
"830", "998", "11.80", "2.36", "9.44" , "card"  , "pending"  , \N
"831", "999", "21.41", "4.28", "17.13", "card"  , "completed", "2026-04-25 19:30:52"
