"1"  , "chucho.palau1@ejemplo.com"            , "hash_falso_12345", "Chucho"        , "Palau"     , "+34616583885", "rider" , "1", "2025-11-06 05:18:37"
"2"  , "águeda.maldonado2@ejemplo.com"        , "hash_falso_12345", "Águeda"        , "Maldonado" , "+34634009080", "rider" , "1", "2026-04-05 05:26:47"
"3"  , "viviana.bou3@ejemplo.com"             , "hash_falso_12345", "Viviana"       , "Bou"       , "+34669368867", "rider" , "1", "2025-10-03 14:59:38"
"4"  , "selena.gibert4@ejemplo.com"           , "hash_falso_12345", "Selena"        , "Gibert"    , "+34679809605", "rider" , "1", "2025-06-09 10:40:15"
"5"  , "gabriel.ripoll5@ejemplo.com"          , "hash_falso_12345", "Gabriel"       , "Ripoll"    , "+34665512515", "rider" , "1", "2025-05-12 19:32:55"
"6"  , "josep.ruiz6@ejemplo.com"              , "hash_falso_12345", "Josep"         , "Ruiz"      , "+34630098516", "rider" , "0", "2025-05-09 23:05:11"
"7"  , "dominga.vallés7@ejemplo.com"          , "hash_falso_12345", "Dominga"       , "Vallés"    , "+34624609467", "rider" , "1", "2026-03-03 10:42:53"
"8"  , "maría.elías8@ejemplo.com"             , "hash_falso_12345", "María"         , "Elías"     , "+34674475018", "rider" , "1", "2025-08-01 15:56:41"
"9"  , "pacífica.quirós9@ejemplo.com"         , "hash_falso_12345", "Pacífica"      , "Quirós"    , "+34682241500", "rider" , "1", "2026-02-01 14:14:54"
"10" , "bienvenida.doménech10@ejemplo.com"    , "hash_falso_12345", "Bienvenida"    , "Doménech"  , "+34648301622", "rider" , "1", "2026-03-08 07:49:21"
"11" , "julio.canet11@ejemplo.com"            , "hash_falso_12345", "Julio"         , "Canet"     , "+34696522573", "rider" , "1", "2026-03-13 05:03:27"
"12" , "gregorio.cobos12@ejemplo.com"         , "hash_falso_12345", "Gregorio"      , "Cobos"     , "+34651581891", "rider" , "1", "2026-04-14 13:52:16"
"13" , "candela.alcalde13@ejemplo.com"        , "hash_falso_12345", "Candela"       , "Alcalde"   , "+34681039321", "rider" , "0", "2026-03-25 03:58:35"
"14" , "cristina.tenorio14@ejemplo.com"       , "hash_falso_12345", "Cristina"      , "Tenorio"   , "+34621316301", "rider" , "0", "2025-07-14 19:36:49"
"15" , "eleuterio.calatayud15@ejemplo.com"    , "hash_falso_12345", "Eleuterio"     , "Calatayud" , "+34636767944", "rider" , "0", "2025-10-19 01:14:45"
"16" , "roque.heras16@ejemplo.com"            , "hash_falso_12345", "Roque"         , "Heras"     , "+34672846261", "rider" , "0", "2025-10-21 09:37:40"
"17" , "fermín.vaquero17@ejemplo.com"         , "hash_falso_12345", "Fermín"        , "Vaquero"   , "+34675911116", "rider" , "0", "2025-09-24 19:01:54"
"18" , "lucila.alberdi18@ejemplo.com"         , "hash_falso_12345", "Lucila"        , "Alberdi"   , "+34675753599", "rider" , "1", "2026-03-12 13:58:06"
"19" , "soledad.cisneros19@ejemplo.com"       , "hash_falso_12345", "Soledad"       , "Cisneros"  , "+34662291094", "rider" , "1", "2025-07-06 17:49:39"
"20" , "águeda.mate20@ejemplo.com"            , "hash_falso_12345", "Águeda"        , "Mate"      , "+34616363063", "rider" , "0", "2025-09-02 16:25:01"
"21" , "dalila.olivera21@ejemplo.com"         , "hash_falso_12345", "Dalila"        , "Olivera"   , "+34645683224", "rider" , "1", "2026-01-26 03:19:00"
"22" , "herminia.niño22@ejemplo.com"          , "hash_falso_12345", "Herminia"      , "Niño"      , "+34646569485", "rider" , "1", "2026-01-13 16:13:11"
"23" , "mohamed.losa23@ejemplo.com"           , "hash_falso_12345", "Mohamed"       , "Losa"      , "+34669294848", "rider" , "0", "2025-10-07 08:24:57"
"24" , "duilio.lloret24@ejemplo.com"          , "hash_falso_12345", "Duilio"        , "Lloret"    , "+34665970555", "rider" , "1", "2025-08-04 05:43:03"
"25" , "emiliana.villa25@ejemplo.com"         , "hash_falso_12345", "Emiliana"      , "Villa"     , "+34636138333", "rider" , "1", "2025-05-12 15:26:53"
"26" , "bautista.romero26@ejemplo.com"        , "hash_falso_12345", "Bautista"      , "Romero"    , "+34654622251", "rider" , "1", "2025-08-31 01:30:43"
"27" , "lucila.verdú27@ejemplo.com"           , "hash_falso_12345", "Lucila"        , "Verdú"     , "+34633570997", "rider" , "1", "2025-07-26 11:04:33"
"28" , "natalio.tomás28@ejemplo.com"          , "hash_falso_12345", "Natalio"       , "Tomás"     , "+34656100987", "rider" , "1", "2025-09-10 00:28:20"
"29" , "estela.villar29@ejemplo.com"          , "hash_falso_12345", "Estela"        , "Villar"    , "+34657972501", "rider" , "0", "2025-05-19 13:55:26"
"30" , "pelayo.santana30@ejemplo.com"         , "hash_falso_12345", "Pelayo"        , "Santana"   , "+34606793701", "rider" , "0", "2026-02-10 08:59:45"
"31" , "abigaíl.maza31@ejemplo.com"           , "hash_falso_12345", "Abigaíl"       , "Maza"      , "+34634231361", "rider" , "1", "2025-10-13 02:55:16"
"32" , "chus.costa32@ejemplo.com"             , "hash_falso_12345", "Chus"          , "Costa"     , "+34628173538", "rider" , "1", "2025-05-24 22:18:47"
"33" , "corona.moraleda33@ejemplo.com"        , "hash_falso_12345", "Corona"        , "Moraleda"  , "+34630934624", "rider" , "1", "2026-03-22 04:25:52"
"34" , "chema.huertas34@ejemplo.com"          , "hash_falso_12345", "Chema"         , "Huertas"   , "+34687633806", "rider" , "1", "2025-04-27 18:20:00"
"35" , "pío.gallart35@ejemplo.com"            , "hash_falso_12345", "Pío"           , "Gallart"   , "+34651765911", "rider" , "0", "2025-08-24 11:51:59"
"36" , "felisa.jaén36@ejemplo.com"            , "hash_falso_12345", "Felisa"        , "Jaén"      , "+34607518216", "rider" , "1", "2025-05-22 13:40:57"
"37" , "jovita.mendoza37@ejemplo.com"         , "hash_falso_12345", "Jovita"        , "Mendoza"   , "+34643823762", "rider" , "0", "2025-08-21 23:34:17"
"38" , "candelas.guzmán38@ejemplo.com"        , "hash_falso_12345", "Candelas"      , "Guzmán"    , "+34626184805", "rider" , "1", "2025-09-05 00:33:43"
"39" , "faustino.amorós39@ejemplo.com"        , "hash_falso_12345", "Faustino"      , "Amorós"    , "+34610436401", "rider" , "1", "2026-01-21 02:57:49"
"40" , "loreto.maza40@ejemplo.com"            , "hash_falso_12345", "Loreto"        , "Maza"      , "+34671518907", "rider" , "1", "2025-09-25 00:49:18"
"41" , "evaristo.barba41@ejemplo.com"         , "hash_falso_12345", "Evaristo"      , "Barba"     , "+34666542970", "rider" , "1", "2025-04-29 06:14:50"
"42" , "olga.garriga42@ejemplo.com"           , "hash_falso_12345", "Olga"          , "Garriga"   , "+34687855566", "rider" , "0", "2026-03-02 14:22:45"
"43" , "natalio.ibáñez43@ejemplo.com"         , "hash_falso_12345", "Natalio"       , "Ibáñez"    , "+34669382879", "rider" , "1", "2026-01-17 12:36:53"
"44" , "sarita.arregui44@ejemplo.com"         , "hash_falso_12345", "Sarita"        , "Arregui"   , "+34624937536", "rider" , "1", "2025-08-17 08:16:36"
"45" , "paulino.mena45@ejemplo.com"           , "hash_falso_12345", "Paulino"       , "Mena"      , "+34620205464", "rider" , "1", "2026-04-13 14:19:07"
"46" , "leocadia.costa46@ejemplo.com"         , "hash_falso_12345", "Leocadia"      , "Costa"     , "+34665695796", "rider" , "1", "2025-10-17 04:33:57"
"47" , "cruz.comas47@ejemplo.com"             , "hash_falso_12345", "Cruz"          , "Comas"     , "+34630875408", "rider" , "1", "2025-10-01 16:28:53"
"48" , "virgilio.narváez48@ejemplo.com"       , "hash_falso_12345", "Virgilio"      , "Narváez"   , "+34608210925", "rider" , "1", "2025-10-29 03:58:53"
"49" , "dominga.sales49@ejemplo.com"          , "hash_falso_12345", "Dominga"       , "Sales"     , "+34633320066", "rider" , "0", "2026-02-26 20:11:25"
"50" , "lino.peiró50@ejemplo.com"             , "hash_falso_12345", "Lino"          , "Peiró"     , "+34612004791", "rider" , "0", "2026-02-17 07:47:32"
"51" , "daniela.vara51@ejemplo.com"           , "hash_falso_12345", "Daniela"       , "Vara"      , "+34691711858", "rider" , "1", "2025-08-25 09:09:29"
"52" , "bernardita.lluch52@ejemplo.com"       , "hash_falso_12345", "Bernardita"    , "Lluch"     , "+34635674880", "rider" , "1", "2026-02-23 04:40:06"
"53" , "manuel.bastida53@ejemplo.com"         , "hash_falso_12345", "Manuel"        , "Bastida"   , "+34607218354", "rider" , "1", "2026-02-23 14:14:58"
"54" , "luciana.espada54@ejemplo.com"         , "hash_falso_12345", "Luciana"       , "Espada"    , "+34653679318", "rider" , "1", "2025-11-22 06:43:58"
"55" , "ester.grau55@ejemplo.com"             , "hash_falso_12345", "Ester"         , "Grau"      , "+34608034556", "rider" , "1", "2025-12-18 01:08:20"
"56" , "rosenda.machado56@ejemplo.com"        , "hash_falso_12345", "Rosenda"       , "Machado"   , "+34669995336", "rider" , "1", "2026-04-23 03:26:32"
"57" , "cleto.fonseca57@ejemplo.com"          , "hash_falso_12345", "Cleto"         , "Fonseca"   , "+34678896002", "rider" , "1", "2025-05-29 04:53:10"
"58" , "rosalva.luz58@ejemplo.com"            , "hash_falso_12345", "Rosalva"       , "Luz"       , "+34626263871", "rider" , "1", "2026-02-11 18:25:52"
"59" , "fortunata.lorenzo59@ejemplo.com"      , "hash_falso_12345", "Fortunata"     , "Lorenzo"   , "+34628943959", "rider" , "1", "2025-08-08 20:51:18"
"60" , "felipa.solana60@ejemplo.com"          , "hash_falso_12345", "Felipa"        , "Solana"    , "+34656374558", "rider" , "1", "2025-06-15 01:22:57"
"61" , "narcisa.molins61@ejemplo.com"         , "hash_falso_12345", "Narcisa"       , "Molins"    , "+34690477822", "rider" , "1", "2025-12-03 16:07:43"
"62" , "victor manuel.diez62@ejemplo.com"     , "hash_falso_12345", "Victor Manuel" , "Diez"      , "+34621049174", "rider" , "0", "2025-07-06 13:43:21"
"63" , "ester.alcántara63@ejemplo.com"        , "hash_falso_12345", "Ester"         , "Alcántara" , "+34663664207", "rider" , "1", "2025-09-18 15:45:10"
"64" , "gregorio.terrón64@ejemplo.com"        , "hash_falso_12345", "Gregorio"      , "Terrón"    , "+34678905603", "rider" , "1", "2025-08-01 03:53:46"
"65" , "isaías.durán65@ejemplo.com"           , "hash_falso_12345", "Isaías"        , "Durán"     , "+34627920732", "rider" , "0", "2026-03-18 08:01:00"
"66" , "luisina.cuesta66@ejemplo.com"         , "hash_falso_12345", "Luisina"       , "Cuesta"    , "+34601563601", "rider" , "1", "2026-03-12 21:34:50"
"67" , "gastón.antón67@ejemplo.com"           , "hash_falso_12345", "Gastón"        , "Antón"     , "+34654347854", "rider" , "1", "2026-04-10 04:37:02"
"68" , "modesta.garzón68@ejemplo.com"         , "hash_falso_12345", "Modesta"       , "Garzón"    , "+34612023533", "rider" , "1", "2026-04-02 17:03:22"
"69" , "débora.perea69@ejemplo.com"           , "hash_falso_12345", "Débora"        , "Perea"     , "+34698085324", "rider" , "1", "2025-10-02 18:01:19"
"70" , "agapito.palmer70@ejemplo.com"         , "hash_falso_12345", "Agapito"       , "Palmer"    , "+34624198776", "rider" , "1", "2025-12-06 08:24:40"
"71" , "fulgencio.cantero71@ejemplo.com"      , "hash_falso_12345", "Fulgencio"     , "Cantero"   , "+34606649613", "rider" , "0", "2026-03-01 19:29:31"
"72" , "virgilio.feliu72@ejemplo.com"         , "hash_falso_12345", "Virgilio"      , "Feliu"     , "+34619669646", "rider" , "1", "2025-06-22 03:55:25"
"73" , "rómulo.maza73@ejemplo.com"            , "hash_falso_12345", "Rómulo"        , "Maza"      , "+34665640351", "rider" , "1", "2025-09-18 04:47:16"
"74" , "elba.palacios74@ejemplo.com"          , "hash_falso_12345", "Elba"          , "Palacios"  , "+34608601733", "rider" , "1", "2025-05-12 18:29:26"
"75" , "clotilde.valderrama75@ejemplo.com"    , "hash_falso_12345", "Clotilde"      , "Valderrama", "+34600846861", "rider" , "0", "2025-06-17 18:54:42"
"76" , "victoria.bárcena76@ejemplo.com"       , "hash_falso_12345", "Victoria"      , "Bárcena"   , "+34683448646", "rider" , "1", "2025-07-03 08:09:21"
"77" , "maría pilar.burgos77@ejemplo.com"     , "hash_falso_12345", "María Pilar"   , "Burgos"    , "+34640238984", "rider" , "1", "2026-02-05 13:26:22"
"78" , "felicia.cabrero78@ejemplo.com"        , "hash_falso_12345", "Felicia"       , "Cabrero"   , "+34694270756", "rider" , "1", "2025-06-02 01:45:51"
"79" , "manolo.tello79@ejemplo.com"           , "hash_falso_12345", "Manolo"        , "Tello"     , "+34615348636", "rider" , "1", "2026-02-17 16:00:06"
"80" , "eusebia.jerez80@ejemplo.com"          , "hash_falso_12345", "Eusebia"       , "Jerez"     , "+34673936218", "rider" , "0", "2026-02-26 04:44:45"
"81" , "evita.estévez81@ejemplo.com"          , "hash_falso_12345", "Evita"         , "Estévez"   , "+34618475177", "rider" , "1", "2026-02-11 23:21:53"
"82" , "benigna.esteve82@ejemplo.com"         , "hash_falso_12345", "Benigna"       , "Esteve"    , "+34683617686", "rider" , "1", "2025-07-14 03:40:33"
"83" , "lisandro.gálvez83@ejemplo.com"        , "hash_falso_12345", "Lisandro"      , "Gálvez"    , "+34644450727", "rider" , "0", "2025-07-27 14:19:36"
"84" , "hilario.olmo84@ejemplo.com"           , "hash_falso_12345", "Hilario"       , "Olmo"      , "+34699158603", "rider" , "1", "2025-11-07 02:45:54"
"85" , "heraclio.cózar85@ejemplo.com"         , "hash_falso_12345", "Heraclio"      , "Cózar"     , "+34690153599", "rider" , "1", "2025-06-18 19:34:46"
"86" , "irene.abad86@ejemplo.com"             , "hash_falso_12345", "Irene"         , "Abad"      , "+34677375609", "rider" , "0", "2025-10-01 12:01:04"
"87" , "ruben.fortuny87@ejemplo.com"          , "hash_falso_12345", "Ruben"         , "Fortuny"   , "+34698329290", "rider" , "0", "2026-03-29 15:19:48"
"88" , "eli.martínez88@ejemplo.com"           , "hash_falso_12345", "Eli"           , "Martínez"  , "+34641976077", "rider" , "1", "2025-12-27 23:42:07"
"89" , "román.bermudez89@ejemplo.com"         , "hash_falso_12345", "Román"         , "Bermudez"  , "+34642998985", "rider" , "1", "2025-08-15 08:24:36"
"90" , "roxana.cases90@ejemplo.com"           , "hash_falso_12345", "Roxana"        , "Cases"     , "+34643639786", "rider" , "0", "2026-02-08 16:51:58"
"91" , "elodia.salom91@ejemplo.com"           , "hash_falso_12345", "Elodia"        , "Salom"     , "+34666948970", "rider" , "0", "2025-08-15 01:34:51"
"92" , "bernardo.coll92@ejemplo.com"          , "hash_falso_12345", "Bernardo"      , "Coll"      , "+34673055155", "rider" , "0", "2025-07-01 19:57:15"
"93" , "fausto.blázquez93@ejemplo.com"        , "hash_falso_12345", "Fausto"        , "Blázquez"  , "+34686769129", "rider" , "1", "2025-08-27 20:47:58"
"94" , "francisco jose.chaparro94@ejemplo.com", "hash_falso_12345", "Francisco Jose", "Chaparro"  , "+34695945934", "rider" , "0", "2026-01-31 04:56:33"
"95" , "cristina.navarro95@ejemplo.com"       , "hash_falso_12345", "Cristina"      , "Navarro"   , "+34692819193", "rider" , "1", "2025-11-08 02:48:27"
"96" , "paula.trillo96@ejemplo.com"           , "hash_falso_12345", "Paula"         , "Trillo"    , "+34640775484", "rider" , "1", "2025-09-04 14:57:06"
"97" , "gema.arribas97@ejemplo.com"           , "hash_falso_12345", "Gema"          , "Arribas"   , "+34650654562", "rider" , "1", "2026-03-30 18:21:45"
"98" , "victor.sevilla98@ejemplo.com"         , "hash_falso_12345", "Victor"        , "Sevilla"   , "+34668470753", "rider" , "1", "2025-10-13 09:22:25"
"99" , "jose ramón.calvo99@ejemplo.com"       , "hash_falso_12345", "Jose Ramón"    , "Calvo"     , "+34667700093", "rider" , "1", "2025-08-10 19:51:10"
"100", "hipólito.ocaña100@ejemplo.com"        , "hash_falso_12345", "Hipólito"      , "Ocaña"     , "+34696488497", "rider" , "0", "2025-05-28 20:44:07"
"101", "rocío.arregui101@ejemplo.com"         , "hash_falso_12345", "Rocío"         , "Arregui"   , "+34671263032", "driver", "0", "2025-05-09 18:54:59"
"102", "arcelia.valbuena102@ejemplo.com"      , "hash_falso_12345", "Arcelia"       , "Valbuena"  , "+34647786450", "driver", "1", "2026-02-07 03:25:08"
"103", "evangelina.caro103@ejemplo.com"       , "hash_falso_12345", "Evangelina"    , "Caro"      , "+34661456480", "driver", "0", "2025-06-24 06:47:52"
"104", "ignacia.uriarte104@ejemplo.com"       , "hash_falso_12345", "Ignacia"       , "Uriarte"   , "+34690131992", "driver", "1", "2025-12-08 08:43:33"
"105", "antonia.valencia105@ejemplo.com"      , "hash_falso_12345", "Antonia"       , "Valencia"  , "+34629275705", "driver", "1", "2025-07-09 22:38:23"
"106", "gabriela.reyes106@ejemplo.com"        , "hash_falso_12345", "Gabriela"      , "Reyes"     , "+34672976022", "driver", "1", "2026-01-21 00:27:04"
"107", "leandra.vallés107@ejemplo.com"        , "hash_falso_12345", "Leandra"       , "Vallés"    , "+34696258521", "driver", "1", "2025-05-10 06:49:34"
"108", "teodosio.valera108@ejemplo.com"       , "hash_falso_12345", "Teodosio"      , "Valera"    , "+34679090455", "driver", "0", "2025-10-07 19:11:56"
"109", "ernesto.matas109@ejemplo.com"         , "hash_falso_12345", "Ernesto"       , "Matas"     , "+34675980233", "driver", "1", "2026-03-19 00:02:10"
"110", "ximena.casas110@ejemplo.com"          , "hash_falso_12345", "Ximena"        , "Casas"     , "+34652362044", "driver", "1", "2025-05-23 14:53:17"
"111", "adelardo.carrera111@ejemplo.com"      , "hash_falso_12345", "Adelardo"      , "Carrera"   , "+34635237600", "driver", "1", "2025-05-03 14:32:53"
"112", "lina.zapata112@ejemplo.com"           , "hash_falso_12345", "Lina"          , "Zapata"    , "+34637524926", "driver", "1", "2026-01-28 02:44:13"
"113", "evelia.talavera113@ejemplo.com"       , "hash_falso_12345", "Evelia"        , "Talavera"  , "+34603492690", "driver", "1", "2025-07-02 05:41:37"
"114", "casemiro.belda114@ejemplo.com"        , "hash_falso_12345", "Casemiro"      , "Belda"     , "+34605691424", "driver", "1", "2025-07-06 20:04:55"
"115", "pastora.vallés115@ejemplo.com"        , "hash_falso_12345", "Pastora"       , "Vallés"    , "+34640909126", "driver", "1", "2026-02-25 03:29:46"
"116", "gabriela.pazos116@ejemplo.com"        , "hash_falso_12345", "Gabriela"      , "Pazos"     , "+34600529925", "driver", "1", "2026-01-31 13:21:32"
"117", "constanza.calleja117@ejemplo.com"     , "hash_falso_12345", "Constanza"     , "Calleja"   , "+34643371877", "driver", "1", "2025-07-30 08:40:06"
"118", "gastón.boix118@ejemplo.com"           , "hash_falso_12345", "Gastón"        , "Boix"      , "+34654459130", "driver", "0", "2026-01-22 17:13:10"
"119", "desiderio.anglada119@ejemplo.com"     , "hash_falso_12345", "Desiderio"     , "Anglada"   , "+34627338988", "driver", "0", "2025-05-07 21:04:20"
"120", "adalberto.lladó120@ejemplo.com"       , "hash_falso_12345", "Adalberto"     , "Lladó"     , "+34630432378", "driver", "0", "2026-02-16 07:01:39"
"121", "eloísa.carretero121@ejemplo.com"      , "hash_falso_12345", "Eloísa"        , "Carretero" , "+34625266738", "driver", "1", "2026-01-26 06:57:10"
"122", "rosa.folch122@ejemplo.com"            , "hash_falso_12345", "Rosa"          , "Folch"     , "+34651594959", "driver", "1", "2025-07-18 15:43:10"
"123", "ana.roldán123@ejemplo.com"            , "hash_falso_12345", "Ana"           , "Roldán"    , "+34658618299", "driver", "1", "2025-06-22 01:49:20"
"124", "luis ángel.escrivá124@ejemplo.com"    , "hash_falso_12345", "Luis Ángel"    , "Escrivá"   , "+34699913216", "driver", "0", "2026-03-20 21:35:27"
"125", "noa.méndez125@ejemplo.com"            , "hash_falso_12345", "Noa"           , "Méndez"    , "+34694078526", "driver", "1", "2026-01-15 19:52:45"
"126", "mamen.ochoa126@ejemplo.com"           , "hash_falso_12345", "Mamen"         , "Ochoa"     , "+34680019843", "driver", "1", "2025-11-11 09:17:48"
"127", "jordana.ramos127@ejemplo.com"         , "hash_falso_12345", "Jordana"       , "Ramos"     , "+34662460616", "driver", "1", "2025-10-09 01:39:54"
"128", "atilio.bayón128@ejemplo.com"          , "hash_falso_12345", "Atilio"        , "Bayón"     , "+34656663950", "driver", "0", "2025-08-17 12:28:02"
"129", "calisto.amorós129@ejemplo.com"        , "hash_falso_12345", "Calisto"       , "Amorós"    , "+34667679071", "driver", "1", "2025-06-23 22:51:20"
"130", "dafne.iborra130@ejemplo.com"          , "hash_falso_12345", "Dafne"         , "Iborra"    , "+34624266701", "driver", "1", "2025-12-23 21:33:47"
"131", "amparo.quero131@ejemplo.com"          , "hash_falso_12345", "Amparo"        , "Quero"     , "+34614969885", "driver", "1", "2026-04-01 08:07:38"
"132", "lina.ramón132@ejemplo.com"            , "hash_falso_12345", "Lina"          , "Ramón"     , "+34677396173", "driver", "1", "2025-08-28 11:56:38"
"133", "maría.reina133@ejemplo.com"           , "hash_falso_12345", "María"         , "Reina"     , "+34613060204", "driver", "1", "2025-10-17 00:20:52"
"134", "maricela.cañizares134@ejemplo.com"    , "hash_falso_12345", "Maricela"      , "Cañizares" , "+34617159954", "driver", "0", "2025-11-08 04:02:53"
"135", "adora.cervera135@ejemplo.com"         , "hash_falso_12345", "Adora"         , "Cervera"   , "+34645745210", "driver", "1", "2026-03-01 18:29:14"
"136", "adelina.sanmiguel136@ejemplo.com"     , "hash_falso_12345", "Adelina"       , "Sanmiguel" , "+34669996460", "driver", "1", "2025-07-28 10:17:48"
"137", "anunciación.alfonso137@ejemplo.com"   , "hash_falso_12345", "Anunciación"   , "Alfonso"   , "+34689638405", "driver", "1", "2025-09-26 11:40:18"
"138", "nerea.leon138@ejemplo.com"            , "hash_falso_12345", "Nerea"         , "Leon"      , "+34633843044", "driver", "1", "2025-05-14 18:53:04"
"139", "valeria.moya139@ejemplo.com"          , "hash_falso_12345", "Valeria"       , "Moya"      , "+34632395277", "driver", "1", "2025-09-22 02:05:17"
"140", "micaela.vall140@ejemplo.com"          , "hash_falso_12345", "Micaela"       , "Vall"      , "+34678800137", "driver", "1", "2025-10-08 02:46:36"
"141", "agustín.calatayud141@ejemplo.com"     , "hash_falso_12345", "Agustín"       , "Calatayud" , "+34656694856", "driver", "1", "2025-12-08 00:01:01"
"142", "renato.diéguez142@ejemplo.com"        , "hash_falso_12345", "Renato"        , "Diéguez"   , "+34628166639", "driver", "1", "2025-11-15 01:00:21"
"143", "marcial.hernández143@ejemplo.com"     , "hash_falso_12345", "Marcial"       , "Hernández" , "+34634244740", "driver", "0", "2026-01-08 16:24:47"
"144", "almudena.lasa144@ejemplo.com"         , "hash_falso_12345", "Almudena"      , "Lasa"      , "+34696214871", "driver", "1", "2025-08-19 16:28:51"
"145", "charo.ros145@ejemplo.com"             , "hash_falso_12345", "Charo"         , "Ros"       , "+34647498591", "driver", "1", "2025-04-26 17:18:18"
"146", "rosa maría.álvarez146@ejemplo.com"    , "hash_falso_12345", "Rosa María"    , "Álvarez"   , "+34679469499", "driver", "1", "2026-01-23 12:33:33"
"147", "plácido.tamarit147@ejemplo.com"       , "hash_falso_12345", "Plácido"       , "Tamarit"   , "+34662113385", "driver", "1", "2025-09-10 19:29:27"
"148", "alfredo.mayol148@ejemplo.com"         , "hash_falso_12345", "Alfredo"       , "Mayol"     , "+34681984755", "driver", "1", "2026-04-13 04:42:16"
"149", "nicanor.mosquera149@ejemplo.com"      , "hash_falso_12345", "Nicanor"       , "Mosquera"  , "+34630292981", "driver", "1", "2025-08-16 13:19:28"
"150", "armando.mendez150@ejemplo.com"        , "hash_falso_12345", "Armando"       , "Mendez"    , "+34643309298", "driver", "1", "2025-08-27 22:15:40"
